word,language,lang_code,category,domain,meaning_en,pronunciation,morph_type,x1,x2,x3,x4,x5,x6,x7_hz,x7_norm,x8,x9_re,x9_norm,x10,x11,x11_ord,x12,L,a,b,rationale,flags,x13_accent,x14_contour,x15_meter,x16_regularity
tititi,Swahili,sw,Color,Color/Purity,Underscoring extreme blackness; coal black,ti-ti-ti,ROOT,0.45,0.7,0.5,0.35,0.75,0.35,2800.0,0.333,0.05,1.0,0.474,0.8,0.4,3,#050505,5.0,0.0,0.0,"Reduplicated form mapped to Mass x2=0.7, Hardness x11=0.4, and Luminance x8=0.05.",COMPLETED_AFRICA_A16,4,0.5,1.0,0.9
pepepe,Swahili,sw,Color,Color/Purity,Underscoring extreme whiteness; dazzling white,pe-pe-pe,ROOT,0.8,0.15,0.5,0.35,0.75,0.35,4000.0,0.487,0.95,1.0,0.474,0.8,0.4,3,#FFFFFF,95.0,0.0,0.0,"Reduplicated form mapped to Mass x2=0.15, Hardness x11=0.4, and Luminance x8=0.95.",COMPLETED_AFRICA_A16,4,0.5,1.0,0.9
fofofo,Swahili,sw,State,Psychological/Sleep,"Deeply, soundly, fast asleep (asleep beyond disturbance)",fo-fo-fo,ROOT,0.45,0.15,0.5,0.55,0.9,0.35,2800.0,0.333,0.5,1.0,0.474,0.5,0.15,2,#808080,50.0,0.0,0.0,"Fricative sound, Reduplicated form mapped to Mass x2=0.15, Hardness x11=0.15, and Luminance x8=0.5.",COMPLETED_AFRICA_A16,4,0.5,1.0,0.9
pwepwepwe,Swahili,sw,Motion,Dynamics/Motion,Trembling uncontrollably or shaking with fear,pwe-pwe-pwe,ROOT,0.65,0.4,0.5,0.35,0.75,0.35,4000.0,0.487,0.5,1.0,0.474,0.45,0.4,3,#808080,50.0,0.0,0.0,"Reduplicated form mapped to Mass x2=0.4, Hardness x11=0.4, and Luminance x8=0.5.",COMPLETED_AFRICA_A16,4,0.5,1.0,0.9
ng'o,Swahili,sw,State,Psychological/Refusal,Absolute refusal; not giving even a bit,ng-o,ROOT,0.5,0.4,0.6,0.35,0.3,0.65,2500.0,0.295,0.5,0.25,0.079,0.45,0.4,3,#808080,50.0,0.0,0.0,"Standard phonetic root mapped to Mass x2=0.4, Hardness x11=0.4, and Luminance x8=0.5.",COMPLETED_AFRICA_A16,2,0.5,0.0,0.5
ng'o-ng'o,Swahili,sw,State,Psychological/Refusal,Intensified or continuous aspect of ng'o: absolute refusal; not giving even a bit,ng-o-ng-o,REDUP_2,0.5,0.4,0.5,0.35,0.98,0.65,2500.0,0.295,0.5,1.0,0.474,0.45,0.4,3,#808080,50.0,0.0,0.0,"Reduplicated form mapped to Mass x2=0.4, Hardness x11=0.4, and Luminance x8=0.5.",COMPLETED_AFRICA_A16,4,0.5,1.0,0.9
ng'oka,Swahili,sw,Verb/State,Psychological/Refusal,Stative verb derived from ideophone root ng'o,ng-o-ka,STATIVE_VERB,0.5,0.4,0.5,0.35,0.9,0.65,2500.0,0.295,0.5,1.0,0.474,0.45,0.4,3,#808080,50.0,0.0,0.0,"Reduplicated form mapped to Mass x2=0.4, Hardness x11=0.4, and Luminance x8=0.5.",COMPLETED_AFRICA_A16,4,0.5,1.0,0.9
keche,Swahili,sw,Sound,Sound/Impact,Sound of something snapping or breaking cleanly,ke-che,ROOT,0.8,0.45,0.85,0.1,0.4,0.15,4000.0,0.487,0.5,0.6,0.263,0.8,0.6,3,#808080,50.0,0.0,0.0,"Standard phonetic root mapped to Mass x2=0.45, Hardness x11=0.6, and Luminance x8=0.5.",COMPLETED_AFRICA_A16,1,0.5,0.0,0.5
keche-keche,Swahili,sw,Sound,Sound/Impact,Intensified or continuous aspect of keche: sound of something snapping or breaking cleanly,ke-che-ke-che,REDUP_2,0.8,0.45,0.85,0.1,0.9,0.15,4000.0,0.487,0.5,1.0,0.474,0.8,0.6,3,#808080,50.0,0.0,0.0,"Reduplicated form mapped to Mass x2=0.45, Hardness x11=0.6, and Luminance x8=0.5.",COMPLETED_AFRICA_A16,4,0.5,1.0,0.9
kecheka,Swahili,sw,Verb/State,Sound/Impact,Stative verb derived from ideophone root keche,ke-che-ka,STATIVE_VERB,0.65,0.4,0.5,0.35,0.75,0.35,4000.0,0.487,0.5,1.0,0.474,0.45,0.4,3,#808080,50.0,0.0,0.0,"Reduplicated form mapped to Mass x2=0.4, Hardness x11=0.4, and Luminance x8=0.5.",COMPLETED_AFRICA_A16,4,0.5,1.0,0.9
kechekeche,Swahili,sw,Sound,Sound/Impact,Sound of complete fragmentation or rattling break,ke-che-ke-che,ROOT,0.65,0.7,0.5,0.35,0.75,0.15,4000.0,0.487,0.5,1.0,0.474,0.8,0.85,4,#808080,50.0,0.0,0.0,"Reduplicated form mapped to Mass x2=0.7, Hardness x11=0.85, and Luminance x8=0.5.",COMPLETED_AFRICA_A16,4,0.5,1.0,0.9
tubwi,Swahili,sw,Sound,Sound/Impact,Plunging heavy sound into water; sudden splash,tu-bwi,ROOT,0.8,0.45,0.85,0.35,0.4,0.35,4000.0,0.487,0.5,0.6,0.263,0.8,0.4,3,#808080,50.0,0.0,0.0,"Standard phonetic root mapped to Mass x2=0.45, Hardness x11=0.4, and Luminance x8=0.5.",COMPLETED_AFRICA_A16,1,0.5,0.0,0.5
tubwi-tubwi,Swahili,sw,Sound,Sound/Impact,Intensified or continuous aspect of tubwi: plunging heavy sound into water; sudden splash,tu-bwi-tu-bwi,REDUP_2,0.8,0.45,0.85,0.35,0.9,0.35,4000.0,0.487,0.5,1.0,0.474,0.8,0.4,3,#808080,50.0,0.0,0.0,"Reduplicated form mapped to Mass x2=0.45, Hardness x11=0.4, and Luminance x8=0.5.",COMPLETED_AFRICA_A16,4,0.5,1.0,0.9
tubwika,Swahili,sw,Verb/State,Sound/Impact,Stative verb derived from ideophone root tubwi,tu-bwi-ka,STATIVE_VERB,0.65,0.4,0.5,0.35,0.75,0.35,4000.0,0.487,0.5,1.0,0.474,0.45,0.4,3,#808080,50.0,0.0,0.0,"Reduplicated form mapped to Mass x2=0.4, Hardness x11=0.4, and Luminance x8=0.5.",COMPLETED_AFRICA_A16,4,0.5,1.0,0.9
pukutiku,Swahili,sw,Motion,Dynamics/Motion,Leaves or fruits dropping abundantly all at once,pu-ku-ti-ku,ROOT,0.65,0.4,0.5,0.35,0.75,0.35,4000.0,0.487,0.5,1.0,0.474,0.45,0.4,3,#808080,50.0,0.0,0.0,"Reduplicated form mapped to Mass x2=0.4, Hardness x11=0.4, and Luminance x8=0.5.",COMPLETED_AFRICA_A16,4,0.5,1.0,0.9
mwaa,Swahili,sw,State,Density/Spatial,Spreading far and wide or overflowing completely,mwa-a,ROOT,0.5,0.4,0.6,0.35,0.3,0.35,2500.0,0.295,0.5,0.25,0.079,0.45,0.4,3,#808080,50.0,0.0,0.0,"Standard phonetic root mapped to Mass x2=0.4, Hardness x11=0.4, and Luminance x8=0.5.",COMPLETED_AFRICA_A16,2,0.5,0.0,0.5
mwaa-mwaa,Swahili,sw,State,Density/Spatial,Intensified or continuous aspect of mwaa: spreading far and wide or overflowing completely,mwa-a-mwa-a,REDUP_2,0.5,0.4,0.5,0.35,0.98,0.35,2500.0,0.295,0.5,1.0,0.474,0.45,0.4,3,#808080,50.0,0.0,0.0,"Reduplicated form mapped to Mass x2=0.4, Hardness x11=0.4, and Luminance x8=0.5.",COMPLETED_AFRICA_A16,4,0.5,1.0,0.9
mwaaka,Swahili,sw,Verb/State,Density/Spatial,Stative verb derived from ideophone root mwaa,mwa-a-ka,STATIVE_VERB,0.5,0.4,0.5,0.35,0.9,0.35,2500.0,0.295,0.5,1.0,0.474,0.45,0.4,3,#808080,50.0,0.0,0.0,"Reduplicated form mapped to Mass x2=0.4, Hardness x11=0.4, and Luminance x8=0.5.",COMPLETED_AFRICA_A16,4,0.5,1.0,0.9
fyuu,Swahili,sw,Motion,Speed/Rhythm,Whistling past rapidly; swift darting motion,fyu-u,ROOT,0.65,0.15,0.95,0.55,0.15,0.35,4000.0,0.487,0.5,0.25,0.079,0.8,0.4,3,#808080,50.0,0.0,0.0,"Fricative sound mapped to Mass x2=0.15, Hardness x11=0.4, and Luminance x8=0.5.",COMPLETED_AFRICA_A16,1,0.5,0.0,0.5
fyuu-fyuu,Swahili,sw,Motion,Speed/Rhythm,Intensified or continuous aspect of fyuu: whistling past rapidly; swift darting motion,fyu-u-fyu-u,REDUP_2,0.65,0.15,0.85,0.55,0.9,0.35,4000.0,0.487,0.5,1.0,0.474,0.8,0.4,3,#808080,50.0,0.0,0.0,"Fricative sound, Reduplicated form mapped to Mass x2=0.15, Hardness x11=0.4, and Luminance x8=0.5.",COMPLETED_AFRICA_A16,4,0.5,1.0,0.9
fyuuka,Swahili,sw,Verb/State,Speed/Rhythm,Stative verb derived from ideophone root fyuu,fyu-u-ka,STATIVE_VERB,0.5,0.4,0.5,0.55,0.75,0.35,2500.0,0.295,0.5,1.0,0.474,0.45,0.4,3,#808080,50.0,0.0,0.0,"Fricative sound, Reduplicated form mapped to Mass x2=0.4, Hardness x11=0.4, and Luminance x8=0.5.",COMPLETED_AFRICA_A16,4,0.5,1.0,0.9
jiu,Swahili,sw,State,Silence/Quiet,Absolute dead silence in a space,ji-u,ROOT,0.65,0.4,0.6,0.35,0.15,0.35,4000.0,0.487,0.5,0.25,0.079,0.45,0.4,3,#808080,50.0,0.0,0.0,"Standard phonetic root mapped to Mass x2=0.4, Hardness x11=0.4, and Luminance x8=0.5.",COMPLETED_AFRICA_A16,2,0.5,0.0,0.5
jiu-jiu,Swahili,sw,State,Silence/Quiet,Intensified or continuous aspect of jiu: absolute dead silence in a space,ji-u-ji-u,REDUP_2,0.65,0.4,0.5,0.35,0.9,0.35,4000.0,0.487,0.5,1.0,0.474,0.45,0.4,3,#808080,50.0,0.0,0.0,"Reduplicated form mapped to Mass x2=0.4, Hardness x11=0.4, and Luminance x8=0.5.",COMPLETED_AFRICA_A16,4,0.5,1.0,0.9
jiuka,Swahili,sw,Verb/State,Silence/Quiet,Stative verb derived from ideophone root jiu,ji-u-ka,STATIVE_VERB,0.65,0.4,0.5,0.35,0.4,0.35,4000.0,0.487,0.5,0.6,0.263,0.45,0.4,3,#808080,50.0,0.0,0.0,"Standard phonetic root mapped to Mass x2=0.4, Hardness x11=0.4, and Luminance x8=0.5.",COMPLETED_AFRICA_A16,2,0.5,0.0,0.5
gudugudu,Swahili,sw,Sound,Sound/Impact,Rumbling heavy vibration of a vehicle or thunder,gu-du-gu-du,ROOT,0.5,0.7,0.5,0.35,0.75,0.35,2500.0,0.295,0.5,1.0,0.474,0.45,0.4,3,#808080,50.0,0.0,0.0,"Reduplicated form mapped to Mass x2=0.7, Hardness x11=0.4, and Luminance x8=0.5.",COMPLETED_AFRICA_A16,4,0.5,1.0,0.9
kacha,Swahili,sw,Sound,Texture/Touch,Dry rustling of dry leaves or paper,ka-cha,ROOT,0.5,0.4,0.5,0.7,0.4,0.35,2500.0,0.295,0.5,0.6,0.263,0.45,0.4,3,#808080,50.0,0.0,0.0,"Standard phonetic root mapped to Mass x2=0.4, Hardness x11=0.4, and Luminance x8=0.5.",COMPLETED_AFRICA_A16,2,0.5,0.0,0.5
kacha-kacha,Swahili,sw,Sound,Texture/Touch,Intensified or continuous aspect of kacha: dry rustling of dry leaves or paper,ka-cha-ka-cha,REDUP_2,0.5,0.4,0.5,0.7,0.9,0.35,2500.0,0.295,0.5,1.0,0.474,0.45,0.4,3,#808080,50.0,0.0,0.0,"Reduplicated form mapped to Mass x2=0.4, Hardness x11=0.4, and Luminance x8=0.5.",COMPLETED_AFRICA_A16,4,0.5,1.0,0.9
kachaka,Swahili,sw,Verb/State,Texture/Touch,Stative verb derived from ideophone root kacha,ka-cha-ka,STATIVE_VERB,0.5,0.4,0.5,0.35,0.75,0.35,2500.0,0.295,0.5,1.0,0.474,0.45,0.4,3,#808080,50.0,0.0,0.0,"Reduplicated form mapped to Mass x2=0.4, Hardness x11=0.4, and Luminance x8=0.5.",COMPLETED_AFRICA_A16,4,0.5,1.0,0.9
chala,Swahili,sw,State,Posture/Position,Lying helplessly flat on one's back,cha-la,ROOT,0.5,0.4,0.5,0.35,0.4,0.35,2500.0,0.295,0.5,0.6,0.263,0.45,0.4,3,#808080,50.0,0.0,0.0,"Standard phonetic root mapped to Mass x2=0.4, Hardness x11=0.4, and Luminance x8=0.5.",COMPLETED_AFRICA_A16,2,0.5,0.0,0.5
chala-chala,Swahili,sw,State,Posture/Position,Intensified or continuous aspect of chala: lying helplessly flat on one's back,cha-la-cha-la,REDUP_2,0.5,0.4,0.5,0.35,0.9,0.35,2500.0,0.295,0.5,1.0,0.474,0.45,0.4,3,#808080,50.0,0.0,0.0,"Reduplicated form mapped to Mass x2=0.4, Hardness x11=0.4, and Luminance x8=0.5.",COMPLETED_AFRICA_A16,4,0.5,1.0,0.9
chalaka,Swahili,sw,Verb/State,Posture/Position,Stative verb derived from ideophone root chala,cha-la-ka,STATIVE_VERB,0.5,0.4,0.5,0.35,0.75,0.35,2500.0,0.295,0.5,1.0,0.474,0.45,0.4,3,#808080,50.0,0.0,0.0,"Reduplicated form mapped to Mass x2=0.4, Hardness x11=0.4, and Luminance x8=0.5.",COMPLETED_AFRICA_A16,4,0.5,1.0,0.9
pwa,Swahili,sw,Sound,Sound/Impact,Slapping sound or wet water splashing,pwa,ROOT,0.5,0.4,0.6,0.35,0.15,0.35,2500.0,0.295,0.5,0.25,0.079,0.45,0.4,3,#808080,50.0,0.0,0.0,"Standard phonetic root mapped to Mass x2=0.4, Hardness x11=0.4, and Luminance x8=0.5.",COMPLETED_AFRICA_A16,2,0.5,0.0,0.5
pwa-pwa,Swahili,sw,Sound,Sound/Impact,Intensified or continuous aspect of pwa: slapping sound or wet water splashing,pwa-pwa,REDUP_2,0.5,0.4,0.5,0.35,0.9,0.35,2500.0,0.295,0.5,1.0,0.474,0.45,0.4,3,#808080,50.0,0.0,0.0,"Reduplicated form mapped to Mass x2=0.4, Hardness x11=0.4, and Luminance x8=0.5.",COMPLETED_AFRICA_A16,4,0.5,1.0,0.9
pwaka,Swahili,sw,Verb/State,Sound/Impact,Stative verb derived from ideophone root pwa,pwa-ka,STATIVE_VERB,0.5,0.4,0.5,0.35,0.4,0.35,2500.0,0.295,0.5,0.6,0.263,0.45,0.4,3,#808080,50.0,0.0,0.0,"Standard phonetic root mapped to Mass x2=0.4, Hardness x11=0.4, and Luminance x8=0.5.",COMPLETED_AFRICA_A16,2,0.5,0.0,0.5
tifu,Swahili,sw,State,Density/Spatial,Rising dust cloud in an instant,ti-fu,ROOT,0.65,0.4,0.6,0.55,0.15,0.35,4000.0,0.487,0.5,0.25,0.079,0.45,0.4,3,#808080,50.0,0.0,0.0,"Fricative sound mapped to Mass x2=0.4, Hardness x11=0.4, and Luminance x8=0.5.",COMPLETED_AFRICA_A16,2,0.5,0.0,0.5
tifu-tifu,Swahili,sw,State,Density/Spatial,Intensified or continuous aspect of tifu: rising dust cloud in an instant,ti-fu-ti-fu,REDUP_2,0.65,0.4,0.5,0.55,0.9,0.35,4000.0,0.487,0.5,1.0,0.474,0.45,0.4,3,#808080,50.0,0.0,0.0,"Fricative sound, Reduplicated form mapped to Mass x2=0.4, Hardness x11=0.4, and Luminance x8=0.5.",COMPLETED_AFRICA_A16,4,0.5,1.0,0.9
tifuka,Swahili,sw,Verb/State,Density/Spatial,Stative verb derived from ideophone root tifu,ti-fu-ka,STATIVE_VERB,0.65,0.4,0.5,0.55,0.75,0.35,4000.0,0.487,0.5,1.0,0.474,0.45,0.4,3,#808080,50.0,0.0,0.0,"Fricative sound, Reduplicated form mapped to Mass x2=0.4, Hardness x11=0.4, and Luminance x8=0.5.",COMPLETED_AFRICA_A16,4,0.5,1.0,0.9
kiri,Swahili,sw,Motion,Dynamics/Motion,Turning around rapidly on heel,ki-ri,ROOT,0.8,0.15,0.95,0.35,0.15,0.35,4000.0,0.487,0.5,0.25,0.079,0.8,0.4,3,#808080,50.0,0.0,0.0,"Standard phonetic root mapped to Mass x2=0.15, Hardness x11=0.4, and Luminance x8=0.5.",COMPLETED_AFRICA_A16,1,0.5,0.0,0.5
kiri-kiri,Swahili,sw,Motion,Dynamics/Motion,Intensified or continuous aspect of kiri: turning around rapidly on heel,ki-ri-ki-ri,REDUP_2,0.8,0.15,0.85,0.35,0.9,0.35,4000.0,0.487,0.5,1.0,0.474,0.8,0.4,3,#808080,50.0,0.0,0.0,"Reduplicated form mapped to Mass x2=0.15, Hardness x11=0.4, and Luminance x8=0.5.",COMPLETED_AFRICA_A16,4,0.5,1.0,0.9
kirika,Swahili,sw,Verb/State,Dynamics/Motion,Stative verb derived from ideophone root kiri,ki-ri-ka,STATIVE_VERB,0.65,0.4,0.5,0.35,0.75,0.35,4000.0,0.487,0.5,1.0,0.474,0.45,0.4,3,#808080,50.0,0.0,0.0,"Reduplicated form mapped to Mass x2=0.4, Hardness x11=0.4, and Luminance x8=0.5.",COMPLETED_AFRICA_A16,4,0.5,1.0,0.9
wur,Hausa,ha,Color,Color/Purity,"Intense, vivid crimson red; blood-red",wur,ROOT,0.5,0.4,0.6,0.35,0.15,0.35,2500.0,0.295,0.7,0.25,0.079,0.45,0.4,3,#DC143C,70.0,85.0,50.0,"Standard phonetic root mapped to Mass x2=0.4, Hardness x11=0.4, and Luminance x8=0.7.",COMPLETED_AFRICA_A16,2,0.5,0.0,0.5
wur-wur,Hausa,ha,Color,Color/Purity,"Intensified or continuous aspect of wur: intense, vivid crimson red; blood-red",wur-wur,REDUP_2,0.5,0.4,0.5,0.35,0.9,0.35,2500.0,0.295,0.7,1.0,0.474,0.45,0.4,3,#DC143C,70.0,85.0,50.0,"Reduplicated form mapped to Mass x2=0.4, Hardness x11=0.4, and Luminance x8=0.7.",COMPLETED_AFRICA_A16,4,0.5,1.0,0.9
wurnci,Hausa,ha,Abstract,Color/Purity,Abstract state/quality associated with wur,wur-nci,DERIVATIVE,0.65,0.4,0.5,0.35,0.9,0.35,4000.0,0.487,0.5,1.0,0.474,0.45,0.4,3,#808080,50.0,0.0,0.0,"Reduplicated form mapped to Mass x2=0.4, Hardness x11=0.4, and Luminance x8=0.5.",COMPLETED_AFRICA_A16,4,0.5,1.0,0.9
fat,Hausa,ha,Color,Color/Purity,"Flawless, spotless pure white",fat,ROOT,0.65,0.15,0.6,0.55,0.15,0.35,4000.0,0.487,0.95,0.25,0.079,0.45,0.4,3,#FFFFFF,95.0,0.0,0.0,"Fricative sound mapped to Mass x2=0.15, Hardness x11=0.4, and Luminance x8=0.95.",COMPLETED_AFRICA_A16,2,0.5,0.0,0.5
fat-fat,Hausa,ha,Color,Color/Purity,"Intensified or continuous aspect of fat: flawless, spotless pure white",fat-fat,REDUP_2,0.65,0.15,0.5,0.55,0.9,0.35,4000.0,0.487,0.95,1.0,0.474,0.45,0.4,3,#FFFFFF,95.0,0.0,0.0,"Fricative sound, Reduplicated form mapped to Mass x2=0.15, Hardness x11=0.4, and Luminance x8=0.95.",COMPLETED_AFRICA_A16,4,0.5,1.0,0.9
fatnci,Hausa,ha,Abstract,Color/Purity,Abstract state/quality associated with fat,fat-nci,DERIVATIVE,0.65,0.4,0.5,0.55,0.9,0.35,4000.0,0.487,0.5,1.0,0.474,0.45,0.4,3,#808080,50.0,0.0,0.0,"Fricative sound, Reduplicated form mapped to Mass x2=0.4, Hardness x11=0.4, and Luminance x8=0.5.",COMPLETED_AFRICA_A16,4,0.5,1.0,0.9
kirin,Hausa,ha,Color,Color/Purity,"Pitch black, impenetrable darkness",ki-rin,ROOT,0.45,0.7,0.5,0.35,0.55,0.35,2800.0,0.333,0.05,0.6,0.263,0.45,0.4,3,#050505,5.0,0.0,0.0,"Standard phonetic root mapped to Mass x2=0.7, Hardness x11=0.4, and Luminance x8=0.05.",COMPLETED_AFRICA_A16,2,0.5,0.0,0.5
kirin-kirin,Hausa,ha,Color,Color/Purity,"Intensified or continuous aspect of kirin: pitch black, impenetrable darkness",ki-rin-ki-rin,REDUP_2,0.45,0.7,0.5,0.35,0.98,0.35,2800.0,0.333,0.05,1.0,0.474,0.45,0.4,3,#050505,5.0,0.0,0.0,"Reduplicated form mapped to Mass x2=0.7, Hardness x11=0.4, and Luminance x8=0.05.",COMPLETED_AFRICA_A16,4,0.5,1.0,0.9
kirinnci,Hausa,ha,Abstract,Color/Purity,Abstract state/quality associated with kirin,ki-rin-nci,DERIVATIVE,0.65,0.4,0.5,0.35,0.9,0.35,4000.0,0.487,0.5,1.0,0.474,0.45,0.4,3,#808080,50.0,0.0,0.0,"Reduplicated form mapped to Mass x2=0.4, Hardness x11=0.4, and Luminance x8=0.5.",COMPLETED_AFRICA_A16,4,0.5,1.0,0.9
rus,Hausa,ha,Color,Color/Purity,"Bright, vivid yellow or gold",rus,ROOT,0.5,0.4,0.6,0.55,0.15,0.35,2500.0,0.295,0.85,0.25,0.079,0.45,0.4,3,#FFD700,85.0,0.0,75.0,"Fricative sound mapped to Mass x2=0.4, Hardness x11=0.4, and Luminance x8=0.85.",COMPLETED_AFRICA_A16,2,0.5,0.0,0.5
rus-rus,Hausa,ha,Color,Color/Purity,"Intensified or continuous aspect of rus: bright, vivid yellow or gold",rus-rus,REDUP_2,0.5,0.4,0.5,0.55,0.9,0.35,2500.0,0.295,0.85,1.0,0.474,0.45,0.4,3,#FFD700,85.0,0.0,75.0,"Fricative sound, Reduplicated form mapped to Mass x2=0.4, Hardness x11=0.4, and Luminance x8=0.85.",COMPLETED_AFRICA_A16,4,0.5,1.0,0.9
rusnci,Hausa,ha,Abstract,Color/Purity,Abstract state/quality associated with rus,rus-nci,DERIVATIVE,0.65,0.4,0.5,0.55,0.9,0.35,4000.0,0.487,0.5,1.0,0.474,0.45,0.4,3,#808080,50.0,0.0,0.0,"Fricative sound, Reduplicated form mapped to Mass x2=0.4, Hardness x11=0.4, and Luminance x8=0.5.",COMPLETED_AFRICA_A16,4,0.5,1.0,0.9
tsikirin,Hausa,ha,State,Density/Distance,"Extremely tiny, minuscule dot or object",tsi-ki-rin,ROOT,0.65,0.4,0.5,0.55,0.9,0.35,4000.0,0.487,0.5,1.0,0.474,0.8,0.4,3,#808080,50.0,0.0,0.0,"Fricative sound, Reduplicated form mapped to Mass x2=0.4, Hardness x11=0.4, and Luminance x8=0.5.",COMPLETED_AFRICA_A16,4,0.5,1.0,0.9
gum,Hausa,ha,State,Silence/Quiet,"Tight, sealed closure; absolute silence",gum,ROOT,0.5,0.4,0.6,0.35,0.3,0.35,2500.0,0.295,0.5,0.25,0.079,0.45,0.4,3,#808080,50.0,0.0,0.0,"Standard phonetic root mapped to Mass x2=0.4, Hardness x11=0.4, and Luminance x8=0.5.",COMPLETED_AFRICA_A16,2,0.5,0.0,0.5
gum-gum,Hausa,ha,State,Silence/Quiet,"Intensified or continuous aspect of gum: tight, sealed closure; absolute silence",gum-gum,REDUP_2,0.5,0.4,0.5,0.35,0.98,0.35,2500.0,0.295,0.5,1.0,0.474,0.45,0.4,3,#808080,50.0,0.0,0.0,"Reduplicated form mapped to Mass x2=0.4, Hardness x11=0.4, and Luminance x8=0.5.",COMPLETED_AFRICA_A16,4,0.5,1.0,0.9
gumnci,Hausa,ha,Abstract,Silence/Quiet,Abstract state/quality associated with gum,gum-nci,DERIVATIVE,0.65,0.4,0.5,0.35,0.9,0.35,4000.0,0.487,0.5,1.0,0.474,0.45,0.4,3,#808080,50.0,0.0,0.0,"Reduplicated form mapped to Mass x2=0.4, Hardness x11=0.4, and Luminance x8=0.5.",COMPLETED_AFRICA_A16,4,0.5,1.0,0.9
kal,Hausa,ha,State,Texture/Purity,"Sparkling clean, thoroughly washed and bright",kal,ROOT,0.5,0.4,0.6,0.45,0.15,0.35,2500.0,0.295,0.8,0.25,0.079,0.45,0.15,2,#FFF8DC,80.0,0.0,30.0,"Standard phonetic root mapped to Mass x2=0.4, Hardness x11=0.15, and Luminance x8=0.8.",COMPLETED_AFRICA_A16,2,0.5,0.0,0.5
kal-kal,Hausa,ha,State,Texture/Purity,"Intensified or continuous aspect of kal: sparkling clean, thoroughly washed and bright",kal-kal,REDUP_2,0.5,0.4,0.5,0.45,0.9,0.35,2500.0,0.295,0.8,1.0,0.474,0.45,0.15,2,#FFF8DC,80.0,0.0,30.0,"Reduplicated form mapped to Mass x2=0.4, Hardness x11=0.15, and Luminance x8=0.8.",COMPLETED_AFRICA_A16,4,0.5,1.0,0.9
kalnci,Hausa,ha,Abstract,Texture/Purity,Abstract state/quality associated with kal,kal-nci,DERIVATIVE,0.65,0.4,0.5,0.35,0.9,0.35,4000.0,0.487,0.5,1.0,0.474,0.45,0.4,3,#808080,50.0,0.0,0.0,"Reduplicated form mapped to Mass x2=0.4, Hardness x11=0.4, and Luminance x8=0.5.",COMPLETED_AFRICA_A16,4,0.5,1.0,0.9
sol,Hausa,ha,State,Texture/Purity,Smooth and immaculate surface without blemish,sol,ROOT,0.5,0.4,0.6,0.3,0.15,0.35,2500.0,0.295,0.5,0.25,0.079,0.45,0.15,2,#808080,50.0,0.0,0.0,"Fricative sound mapped to Mass x2=0.4, Hardness x11=0.15, and Luminance x8=0.5.",COMPLETED_AFRICA_A16,2,0.5,0.0,0.5
sol-sol,Hausa,ha,State,Texture/Purity,Intensified or continuous aspect of sol: smooth and immaculate surface without blemish,sol-sol,REDUP_2,0.5,0.4,0.5,0.3,0.9,0.35,2500.0,0.295,0.5,1.0,0.474,0.45,0.15,2,#808080,50.0,0.0,0.0,"Fricative sound, Reduplicated form mapped to Mass x2=0.4, Hardness x11=0.15, and Luminance x8=0.5.",COMPLETED_AFRICA_A16,4,0.5,1.0,0.9
solnci,Hausa,ha,Abstract,Texture/Purity,Abstract state/quality associated with sol,sol-nci,DERIVATIVE,0.65,0.4,0.5,0.55,0.9,0.35,4000.0,0.487,0.5,1.0,0.474,0.45,0.4,3,#808080,50.0,0.0,0.0,"Fricative sound, Reduplicated form mapped to Mass x2=0.4, Hardness x11=0.4, and Luminance x8=0.5.",COMPLETED_AFRICA_A16,4,0.5,1.0,0.9
fak,Hausa,ha,Motion,Speed/Rhythm,Sudden complete cessation of movement; stopping dead,fak,ROOT,0.65,0.15,0.95,0.55,0.15,0.35,4000.0,0.487,0.5,0.25,0.079,0.8,0.4,3,#808080,50.0,0.0,0.0,"Fricative sound mapped to Mass x2=0.15, Hardness x11=0.4, and Luminance x8=0.5.",COMPLETED_AFRICA_A16,1,0.5,0.0,0.5
fak-fak,Hausa,ha,Motion,Speed/Rhythm,Intensified or continuous aspect of fak: sudden complete cessation of movement; stopping dead,fak-fak,REDUP_2,0.65,0.15,0.85,0.55,0.9,0.35,4000.0,0.487,0.5,1.0,0.474,0.8,0.4,3,#808080,50.0,0.0,0.0,"Fricative sound, Reduplicated form mapped to Mass x2=0.15, Hardness x11=0.4, and Luminance x8=0.5.",COMPLETED_AFRICA_A16,4,0.5,1.0,0.9
faknci,Hausa,ha,Abstract,Speed/Rhythm,Abstract state/quality associated with fak,fak-nci,DERIVATIVE,0.65,0.4,0.5,0.55,0.9,0.35,4000.0,0.487,0.5,1.0,0.474,0.45,0.4,3,#808080,50.0,0.0,0.0,"Fricative sound, Reduplicated form mapped to Mass x2=0.4, Hardness x11=0.4, and Luminance x8=0.5.",COMPLETED_AFRICA_A16,4,0.5,1.0,0.9
kwas,Hausa,ha,Sound,Sound/Impact,Crunching or cracking a dry bone/stick,kwas,ROOT,0.65,0.15,0.95,0.9,0.15,0.35,4000.0,0.487,0.5,0.25,0.079,0.8,0.4,3,#808080,50.0,0.0,0.0,"Fricative sound mapped to Mass x2=0.15, Hardness x11=0.4, and Luminance x8=0.5.",COMPLETED_AFRICA_A16,1,0.5,0.0,0.5
kwas-kwas,Hausa,ha,Sound,Sound/Impact,Intensified or continuous aspect of kwas: crunching or cracking a dry bone/stick,kwas-kwas,REDUP_2,0.65,0.15,0.85,0.9,0.9,0.35,4000.0,0.487,0.5,1.0,0.474,0.8,0.4,3,#808080,50.0,0.0,0.0,"Fricative sound, Reduplicated form mapped to Mass x2=0.15, Hardness x11=0.4, and Luminance x8=0.5.",COMPLETED_AFRICA_A16,4,0.5,1.0,0.9
kwasnci,Hausa,ha,Abstract,Sound/Impact,Abstract state/quality associated with kwas,kwas-nci,DERIVATIVE,0.65,0.4,0.5,0.55,0.9,0.35,4000.0,0.487,0.5,1.0,0.474,0.45,0.4,3,#808080,50.0,0.0,0.0,"Fricative sound, Reduplicated form mapped to Mass x2=0.4, Hardness x11=0.4, and Luminance x8=0.5.",COMPLETED_AFRICA_A16,4,0.5,1.0,0.9
bam,Hausa,ha,Sound,Sound/Impact,Loud thud or heavy door slam,bam,ROOT,0.5,0.7,0.6,0.35,0.3,0.35,2500.0,0.295,0.5,0.25,0.079,0.45,0.4,3,#808080,50.0,0.0,0.0,"Standard phonetic root mapped to Mass x2=0.7, Hardness x11=0.4, and Luminance x8=0.5.",COMPLETED_AFRICA_A16,2,0.5,0.0,0.5
bam-bam,Hausa,ha,Sound,Sound/Impact,Intensified or continuous aspect of bam: loud thud or heavy door slam,bam-bam,REDUP_2,0.5,0.7,0.5,0.35,0.98,0.35,2500.0,0.295,0.5,1.0,0.474,0.45,0.4,3,#808080,50.0,0.0,0.0,"Reduplicated form mapped to Mass x2=0.7, Hardness x11=0.4, and Luminance x8=0.5.",COMPLETED_AFRICA_A16,4,0.5,1.0,0.9
bamnci,Hausa,ha,Abstract,Sound/Impact,Abstract state/quality associated with bam,bam-nci,DERIVATIVE,0.65,0.4,0.5,0.35,0.9,0.35,4000.0,0.487,0.5,1.0,0.474,0.45,0.4,3,#808080,50.0,0.0,0.0,"Reduplicated form mapped to Mass x2=0.4, Hardness x11=0.4, and Luminance x8=0.5.",COMPLETED_AFRICA_A16,4,0.5,1.0,0.9
tumm,Hausa,ha,State,Mass/Weight,Heavily overflowing or bursting full,tum-m,ROOT,0.65,0.15,0.95,0.35,0.3,0.35,4000.0,0.487,0.5,0.25,0.079,0.8,0.4,3,#808080,50.0,0.0,0.0,"Standard phonetic root mapped to Mass x2=0.15, Hardness x11=0.4, and Luminance x8=0.5.",COMPLETED_AFRICA_A16,1,0.5,0.0,0.5
tumm-tumm,Hausa,ha,State,Mass/Weight,Intensified or continuous aspect of tumm: heavily overflowing or bursting full,tum-m-tum-m,REDUP_2,0.65,0.15,0.85,0.35,0.98,0.35,4000.0,0.487,0.5,1.0,0.474,0.8,0.4,3,#808080,50.0,0.0,0.0,"Reduplicated form mapped to Mass x2=0.15, Hardness x11=0.4, and Luminance x8=0.5.",COMPLETED_AFRICA_A16,4,0.5,1.0,0.9
tummnci,Hausa,ha,Abstract,Mass/Weight,Abstract state/quality associated with tumm,tum-m-nci,DERIVATIVE,0.65,0.4,0.5,0.35,0.9,0.35,4000.0,0.487,0.5,1.0,0.474,0.45,0.4,3,#808080,50.0,0.0,0.0,"Reduplicated form mapped to Mass x2=0.4, Hardness x11=0.4, and Luminance x8=0.5.",COMPLETED_AFRICA_A16,4,0.5,1.0,0.9
murus,Hausa,ha,State,State/Totality,Completely and utterly consumed or finished,mu-rus,ROOT,0.5,0.4,0.5,0.55,0.55,0.35,2500.0,0.295,0.5,0.6,0.263,0.45,0.4,3,#808080,50.0,0.0,0.0,"Fricative sound mapped to Mass x2=0.4, Hardness x11=0.4, and Luminance x8=0.5.",COMPLETED_AFRICA_A16,2,0.5,0.0,0.5
murus-murus,Hausa,ha,State,State/Totality,Intensified or continuous aspect of murus: completely and utterly consumed or finished,mu-rus-mu-rus,REDUP_2,0.5,0.4,0.5,0.55,0.98,0.35,2500.0,0.295,0.5,1.0,0.474,0.45,0.4,3,#808080,50.0,0.0,0.0,"Fricative sound, Reduplicated form mapped to Mass x2=0.4, Hardness x11=0.4, and Luminance x8=0.5.",COMPLETED_AFRICA_A16,4,0.5,1.0,0.9
murusnci,Hausa,ha,Abstract,State/Totality,Abstract state/quality associated with murus,mu-rus-nci,DERIVATIVE,0.65,0.4,0.5,0.55,0.9,0.35,4000.0,0.487,0.5,1.0,0.474,0.45,0.4,3,#808080,50.0,0.0,0.0,"Fricative sound, Reduplicated form mapped to Mass x2=0.4, Hardness x11=0.4, and Luminance x8=0.5.",COMPLETED_AFRICA_A16,4,0.5,1.0,0.9
farafara,Hausa,ha,Motion,Dynamics/Motion,Fluttering or flapping rapidly like wings,fa-ra-fa-ra,ROOT,0.65,0.15,0.85,0.55,0.75,0.35,4000.0,0.487,0.5,1.0,0.474,0.8,0.4,3,#808080,50.0,0.0,0.0,"Fricative sound, Reduplicated form mapped to Mass x2=0.15, Hardness x11=0.4, and Luminance x8=0.5.",COMPLETED_AFRICA_A16,4,0.5,1.0,0.9
babbaka,Hausa,ha,State,Temperature,"Scorching, intense heat radiating from fire",bab-ba-ka,ROOT,0.5,0.4,0.5,0.35,0.75,0.35,2500.0,0.295,0.5,1.0,0.474,0.45,0.4,3,#808080,50.0,0.0,0.0,"Reduplicated form mapped to Mass x2=0.4, Hardness x11=0.4, and Luminance x8=0.5.",COMPLETED_AFRICA_A16,4,0.5,1.0,0.9
tas,Hausa,ha,State,Texture/Purity,"Completely pure, clean without residue",tas,ROOT,0.5,0.4,0.6,0.3,0.15,0.35,2500.0,0.295,0.5,0.25,0.079,0.45,0.15,2,#808080,50.0,0.0,0.0,"Fricative sound mapped to Mass x2=0.4, Hardness x11=0.15, and Luminance x8=0.5.",COMPLETED_AFRICA_A16,2,0.5,0.0,0.5
tas-tas,Hausa,ha,State,Texture/Purity,"Intensified or continuous aspect of tas: completely pure, clean without residue",tas-tas,REDUP_2,0.5,0.4,0.5,0.3,0.9,0.35,2500.0,0.295,0.5,1.0,0.474,0.45,0.15,2,#808080,50.0,0.0,0.0,"Fricative sound, Reduplicated form mapped to Mass x2=0.4, Hardness x11=0.15, and Luminance x8=0.5.",COMPLETED_AFRICA_A16,4,0.5,1.0,0.9
tasnci,Hausa,ha,Abstract,Texture/Purity,Abstract state/quality associated with tas,tas-nci,DERIVATIVE,0.65,0.4,0.5,0.55,0.9,0.35,4000.0,0.487,0.5,1.0,0.474,0.45,0.4,3,#808080,50.0,0.0,0.0,"Fricative sound, Reduplicated form mapped to Mass x2=0.4, Hardness x11=0.4, and Luminance x8=0.5.",COMPLETED_AFRICA_A16,4,0.5,1.0,0.9
dum,Hausa,ha,State,Silence/Quiet,Deep subterranean boom or muffled roar,dum,ROOT,0.5,0.4,0.6,0.35,0.3,0.35,2500.0,0.295,0.5,0.25,0.079,0.45,0.4,3,#808080,50.0,0.0,0.0,"Standard phonetic root mapped to Mass x2=0.4, Hardness x11=0.4, and Luminance x8=0.5.",COMPLETED_AFRICA_A16,2,0.5,0.0,0.5
dum-dum,Hausa,ha,State,Silence/Quiet,Intensified or continuous aspect of dum: deep subterranean boom or muffled roar,dum-dum,REDUP_2,0.5,0.4,0.5,0.35,0.98,0.35,2500.0,0.295,0.5,1.0,0.474,0.45,0.4,3,#808080,50.0,0.0,0.0,"Reduplicated form mapped to Mass x2=0.4, Hardness x11=0.4, and Luminance x8=0.5.",COMPLETED_AFRICA_A16,4,0.5,1.0,0.9
dumnci,Hausa,ha,Abstract,Silence/Quiet,Abstract state/quality associated with dum,dum-nci,DERIVATIVE,0.65,0.4,0.5,0.35,0.9,0.35,4000.0,0.487,0.5,1.0,0.474,0.45,0.4,3,#808080,50.0,0.0,0.0,"Reduplicated form mapped to Mass x2=0.4, Hardness x11=0.4, and Luminance x8=0.5.",COMPLETED_AFRICA_A16,4,0.5,1.0,0.9
kats,Hausa,ha,Sound,Sound/Impact,Snap of a taut string or small twig,kats,ROOT,0.65,0.45,0.95,0.55,0.15,0.15,4000.0,0.487,0.5,0.25,0.079,0.8,0.85,4,#808080,50.0,0.0,0.0,"Fricative sound mapped to Mass x2=0.45, Hardness x11=0.85, and Luminance x8=0.5.",COMPLETED_AFRICA_A16,1,0.5,0.0,0.5
kats-kats,Hausa,ha,Sound,Sound/Impact,Intensified or continuous aspect of kats: snap of a taut string or small twig,kats-kats,REDUP_2,0.65,0.45,0.85,0.55,0.9,0.15,4000.0,0.487,0.5,1.0,0.474,0.8,0.85,4,#808080,50.0,0.0,0.0,"Fricative sound, Reduplicated form mapped to Mass x2=0.45, Hardness x11=0.85, and Luminance x8=0.5.",COMPLETED_AFRICA_A16,4,0.5,1.0,0.9
katsnci,Hausa,ha,Abstract,Sound/Impact,Abstract state/quality associated with kats,kats-nci,DERIVATIVE,0.65,0.4,0.5,0.55,0.9,0.35,4000.0,0.487,0.5,1.0,0.474,0.45,0.4,3,#808080,50.0,0.0,0.0,"Fricative sound, Reduplicated form mapped to Mass x2=0.4, Hardness x11=0.4, and Luminance x8=0.5.",COMPLETED_AFRICA_A16,4,0.5,1.0,0.9
tshu,Zulu,zu,Color,Color/Purity,Pitch black; deep impenetrable darkness,tshu,ROOT,0.3,0.7,0.6,0.55,0.15,0.35,1300.0,0.141,0.05,0.25,0.079,0.45,0.4,3,#050505,5.0,0.0,0.0,"Fricative sound mapped to Mass x2=0.7, Hardness x11=0.4, and Luminance x8=0.05.",COMPLETED_AFRICA_A16,2,0.5,0.0,0.5
tshu-tshu,Zulu,zu,Color,Color/Purity,Intensified or continuous aspect of tshu: pitch black; deep impenetrable darkness,tshu-tshu,REDUP_2,0.3,0.7,0.5,0.55,0.9,0.35,1300.0,0.141,0.05,1.0,0.474,0.45,0.4,3,#050505,5.0,0.0,0.0,"Fricative sound, Reduplicated form mapped to Mass x2=0.7, Hardness x11=0.4, and Luminance x8=0.05.",COMPLETED_AFRICA_A16,4,0.5,1.0,0.9
tshuka,Zulu,zu,Verb/State,Color/Purity,Stative verb derived from ideophone root tshu,tshu-ka,STATIVE_VERB,0.5,0.4,0.5,0.55,0.75,0.35,2500.0,0.295,0.5,1.0,0.474,0.45,0.4,3,#808080,50.0,0.0,0.0,"Fricative sound, Reduplicated form mapped to Mass x2=0.4, Hardness x11=0.4, and Luminance x8=0.5.",COMPLETED_AFRICA_A16,4,0.5,1.0,0.9
gebhu,Zulu,zu,Color,Color/Purity,"Fiery, blazing crimson red",ge-bhu,ROOT,0.65,0.4,0.5,0.35,0.4,0.35,4000.0,0.487,0.7,0.6,0.263,0.45,0.4,3,#DC143C,70.0,85.0,50.0,"Standard phonetic root mapped to Mass x2=0.4, Hardness x11=0.4, and Luminance x8=0.7.",COMPLETED_AFRICA_A16,2,0.5,0.0,0.5
gebhu-gebhu,Zulu,zu,Color,Color/Purity,"Intensified or continuous aspect of gebhu: fiery, blazing crimson red",ge-bhu-ge-bhu,REDUP_2,0.65,0.4,0.5,0.35,0.9,0.35,4000.0,0.487,0.7,1.0,0.474,0.45,0.4,3,#DC143C,70.0,85.0,50.0,"Reduplicated form mapped to Mass x2=0.4, Hardness x11=0.4, and Luminance x8=0.7.",COMPLETED_AFRICA_A16,4,0.5,1.0,0.9
gebhuka,Zulu,zu,Verb/State,Color/Purity,Stative verb derived from ideophone root gebhu,ge-bhu-ka,STATIVE_VERB,0.65,0.4,0.5,0.35,0.75,0.35,4000.0,0.487,0.5,1.0,0.474,0.45,0.4,3,#808080,50.0,0.0,0.0,"Reduplicated form mapped to Mass x2=0.4, Hardness x11=0.4, and Luminance x8=0.5.",COMPLETED_AFRICA_A16,4,0.5,1.0,0.9
nce,Zulu,zu,Color,Color/Purity,"Pure, immaculate white; dazzling brightness",n-ce,ROOT,0.98,0.15,0.6,0.35,0.3,0.65,5200.0,0.641,0.95,0.25,0.079,0.45,0.85,4,#FFFFFF,95.0,0.0,0.0,"Click consonant mapped to Mass x2=0.15, Hardness x11=0.85, and Luminance x8=0.95.",COMPLETED_AFRICA_A16,2,0.5,0.0,0.5
nce-nce,Zulu,zu,Color,Color/Purity,"Intensified or continuous aspect of nce: pure, immaculate white; dazzling brightness",n-ce-n-ce,REDUP_2,0.98,0.15,0.5,0.35,0.98,0.65,5200.0,0.641,0.95,1.0,0.474,0.45,0.85,4,#FFFFFF,95.0,0.0,0.0,"Click consonant, Reduplicated form mapped to Mass x2=0.15, Hardness x11=0.85, and Luminance x8=0.95.",COMPLETED_AFRICA_A16,4,0.5,1.0,0.9
nceka,Zulu,zu,Verb/State,Color/Purity,Stative verb derived from ideophone root nce,n-ce-ka,STATIVE_VERB,0.98,0.4,0.5,0.35,0.55,0.65,5200.0,0.641,0.5,0.6,0.263,0.45,0.85,4,#808080,50.0,0.0,0.0,"Click consonant mapped to Mass x2=0.4, Hardness x11=0.85, and Luminance x8=0.5.",COMPLETED_AFRICA_A16,2,0.5,0.0,0.5
tshoko,Zulu,zu,Color,Color/Purity,"Vivid, intense green or sky blue",tsho-ko,ROOT,0.5,0.4,0.5,0.55,0.75,0.35,2500.0,0.295,0.5,1.0,0.474,0.45,0.4,3,#808080,50.0,0.0,0.0,"Fricative sound, Reduplicated form mapped to Mass x2=0.4, Hardness x11=0.4, and Luminance x8=0.5.",COMPLETED_AFRICA_A16,4,0.5,1.0,0.9
zwakaha,Zulu,zu,State,Psychological/Sensory,Sudden clear realization or sensory perception,zwa-ka-ha,ROOT,0.65,0.15,0.85,0.55,0.75,0.35,4000.0,0.487,0.5,1.0,0.474,0.8,0.4,3,#808080,50.0,0.0,0.0,"Fricative sound, Reduplicated form mapped to Mass x2=0.15, Hardness x11=0.4, and Luminance x8=0.5.",COMPLETED_AFRICA_A16,4,0.5,1.0,0.9
du,Zulu,zu,State,Silence/Quiet,Complete stillness and quietness of a crowd or village,du,ROOT,0.3,0.4,0.25,0.1,0.3,0.35,1300.0,0.141,0.5,0.25,0.079,0.15,0.15,2,#808080,50.0,0.0,0.0,"Standard phonetic root mapped to Mass x2=0.4, Hardness x11=0.15, and Luminance x8=0.5.",COMPLETED_AFRICA_A16,0,0.5,0.0,0.5
du-du,Zulu,zu,State,Silence/Quiet,Intensified or continuous aspect of du: complete stillness and quietness of a crowd or village,du-du,REDUP_2,0.3,0.4,0.15,0.1,0.9,0.35,1300.0,0.141,0.5,1.0,0.474,0.15,0.15,2,#808080,50.0,0.0,0.0,"Reduplicated form mapped to Mass x2=0.4, Hardness x11=0.15, and Luminance x8=0.5.",COMPLETED_AFRICA_A16,4,0.5,1.0,0.9
duka,Zulu,zu,Verb/State,Silence/Quiet,Stative verb derived from ideophone root du,du-ka,STATIVE_VERB,0.5,0.4,0.5,0.35,0.4,0.35,2500.0,0.295,0.5,0.25,0.079,0.45,0.4,3,#808080,50.0,0.0,0.0,"Standard phonetic root mapped to Mass x2=0.4, Hardness x11=0.4, and Luminance x8=0.5.",COMPLETED_AFRICA_A16,2,0.5,0.0,0.5
bhuxe,Zulu,zu,Motion,Dynamics/Motion,Sticking or plunging a spear firmly into ground/target,bhu-xe,ROOT,0.98,0.4,0.5,0.35,0.4,0.65,5200.0,0.641,0.5,0.6,0.263,0.45,0.85,4,#808080,50.0,0.0,0.0,"Click consonant mapped to Mass x2=0.4, Hardness x11=0.85, and Luminance x8=0.5.",COMPLETED_AFRICA_A16,2,0.5,0.0,0.5
bhuxe-bhuxe,Zulu,zu,Motion,Dynamics/Motion,Intensified or continuous aspect of bhuxe: sticking or plunging a spear firmly into ground/target,bhu-xe-bhu-xe,REDUP_2,0.98,0.4,0.5,0.35,0.9,0.65,5200.0,0.641,0.5,1.0,0.474,0.45,0.85,4,#808080,50.0,0.0,0.0,"Click consonant, Reduplicated form mapped to Mass x2=0.4, Hardness x11=0.85, and Luminance x8=0.5.",COMPLETED_AFRICA_A16,4,0.5,1.0,0.9
bhuxeka,Zulu,zu,Verb/State,Dynamics/Motion,Stative verb derived from ideophone root bhuxe,bhu-xe-ka,STATIVE_VERB,0.98,0.4,0.5,0.35,0.75,0.65,5200.0,0.641,0.5,1.0,0.474,0.45,0.85,4,#808080,50.0,0.0,0.0,"Click consonant, Reduplicated form mapped to Mass x2=0.4, Hardness x11=0.85, and Luminance x8=0.5.",COMPLETED_AFRICA_A16,4,0.5,1.0,0.9
gwada,Zulu,zu,Motion,Posture/Position,Dropping down abruptly to kneel on the ground,gwa-da,ROOT,0.5,0.4,0.5,0.35,0.4,0.35,2500.0,0.295,0.5,0.6,0.263,0.45,0.4,3,#808080,50.0,0.0,0.0,"Standard phonetic root mapped to Mass x2=0.4, Hardness x11=0.4, and Luminance x8=0.5.",COMPLETED_AFRICA_A16,2,0.5,0.0,0.5
gwada-gwada,Zulu,zu,Motion,Posture/Position,Intensified or continuous aspect of gwada: dropping down abruptly to kneel on the ground,gwa-da-gwa-da,REDUP_2,0.5,0.4,0.5,0.35,0.9,0.35,2500.0,0.295,0.5,1.0,0.474,0.45,0.4,3,#808080,50.0,0.0,0.0,"Reduplicated form mapped to Mass x2=0.4, Hardness x11=0.4, and Luminance x8=0.5.",COMPLETED_AFRICA_A16,4,0.5,1.0,0.9
gwadaka,Zulu,zu,Verb/State,Posture/Position,Stative verb derived from ideophone root gwada,gwa-da-ka,STATIVE_VERB,0.5,0.4,0.5,0.35,0.75,0.35,2500.0,0.295,0.5,1.0,0.474,0.45,0.4,3,#808080,50.0,0.0,0.0,"Reduplicated form mapped to Mass x2=0.4, Hardness x11=0.4, and Luminance x8=0.5.",COMPLETED_AFRICA_A16,4,0.5,1.0,0.9
khahlamba,Zulu,zu,State,Texture/Touch,"Rough, jagged, precipitous mountain wall",kha-hlam-ba,ROOT,0.5,0.4,0.5,0.9,0.9,0.35,2500.0,0.295,0.5,1.0,0.474,0.45,0.4,3,#808080,50.0,0.0,0.0,"Fricative sound, Reduplicated form mapped to Mass x2=0.4, Hardness x11=0.4, and Luminance x8=0.5.",COMPLETED_AFRICA_A16,4,0.5,1.0,0.9
mbo,Zulu,zu,State,Density/Spatial,Covering over completely; overwhelming overlay,mbo,ROOT,0.5,0.4,0.6,0.35,0.3,0.35,2500.0,0.295,0.5,0.25,0.079,0.45,0.4,3,#808080,50.0,0.0,0.0,"Standard phonetic root mapped to Mass x2=0.4, Hardness x11=0.4, and Luminance x8=0.5.",COMPLETED_AFRICA_A16,2,0.5,0.0,0.5
mbo-mbo,Zulu,zu,State,Density/Spatial,Intensified or continuous aspect of mbo: covering over completely; overwhelming overlay,mbo-mbo,REDUP_2,0.5,0.4,0.5,0.35,0.98,0.35,2500.0,0.295,0.5,1.0,0.474,0.45,0.4,3,#808080,50.0,0.0,0.0,"Reduplicated form mapped to Mass x2=0.4, Hardness x11=0.4, and Luminance x8=0.5.",COMPLETED_AFRICA_A16,4,0.5,1.0,0.9
mboka,Zulu,zu,Verb/State,Density/Spatial,Stative verb derived from ideophone root mbo,mbo-ka,STATIVE_VERB,0.5,0.4,0.5,0.35,0.55,0.35,2500.0,0.295,0.5,0.6,0.263,0.45,0.4,3,#808080,50.0,0.0,0.0,"Standard phonetic root mapped to Mass x2=0.4, Hardness x11=0.4, and Luminance x8=0.5.",COMPLETED_AFRICA_A16,2,0.5,0.0,0.5
phu,Zulu,zu,State,Smell/Odor,Sudden puff of dust or strong scent/smoke,phu,ROOT,0.65,0.15,0.95,0.35,0.15,0.35,4000.0,0.487,0.5,0.25,0.079,0.8,0.4,3,#808080,50.0,0.0,0.0,"Standard phonetic root mapped to Mass x2=0.15, Hardness x11=0.4, and Luminance x8=0.5.",COMPLETED_AFRICA_A16,1,0.5,0.0,0.5
phu-phu,Zulu,zu,State,Smell/Odor,Intensified or continuous aspect of phu: sudden puff of dust or strong scent/smoke,phu-phu,REDUP_2,0.65,0.15,0.85,0.35,0.9,0.35,4000.0,0.487,0.5,1.0,0.474,0.8,0.4,3,#808080,50.0,0.0,0.0,"Reduplicated form mapped to Mass x2=0.15, Hardness x11=0.4, and Luminance x8=0.5.",COMPLETED_AFRICA_A16,4,0.5,1.0,0.9
phuka,Zulu,zu,Verb/State,Smell/Odor,Stative verb derived from ideophone root phu,phu-ka,STATIVE_VERB,0.5,0.4,0.5,0.35,0.4,0.35,2500.0,0.295,0.5,0.6,0.263,0.45,0.4,3,#808080,50.0,0.0,0.0,"Standard phonetic root mapped to Mass x2=0.4, Hardness x11=0.4, and Luminance x8=0.5.",COMPLETED_AFRICA_A16,2,0.5,0.0,0.5
klwa,Zulu,zu,Sound,Sound/Impact,Screeching or sharp ripping sound of fabric,klwa,ROOT,0.5,0.4,0.6,0.35,0.15,0.35,2500.0,0.295,0.5,0.25,0.079,0.45,0.4,3,#808080,50.0,0.0,0.0,"Standard phonetic root mapped to Mass x2=0.4, Hardness x11=0.4, and Luminance x8=0.5.",COMPLETED_AFRICA_A16,2,0.5,0.0,0.5
klwa-klwa,Zulu,zu,Sound,Sound/Impact,Intensified or continuous aspect of klwa: screeching or sharp ripping sound of fabric,klwa-klwa,REDUP_2,0.5,0.4,0.5,0.35,0.9,0.35,2500.0,0.295,0.5,1.0,0.474,0.45,0.4,3,#808080,50.0,0.0,0.0,"Reduplicated form mapped to Mass x2=0.4, Hardness x11=0.4, and Luminance x8=0.5.",COMPLETED_AFRICA_A16,4,0.5,1.0,0.9
klwaka,Zulu,zu,Verb/State,Sound/Impact,Stative verb derived from ideophone root klwa,klwa-ka,STATIVE_VERB,0.5,0.4,0.5,0.35,0.75,0.35,2500.0,0.295,0.5,1.0,0.474,0.45,0.4,3,#808080,50.0,0.0,0.0,"Reduplicated form mapped to Mass x2=0.4, Hardness x11=0.4, and Luminance x8=0.5.",COMPLETED_AFRICA_A16,4,0.5,1.0,0.9
vhahla,Zulu,zu,Sound,Sound/Impact,Crashing down of wooden poles or dry branches,vha-hla,ROOT,0.5,0.4,0.5,0.9,0.75,0.35,2500.0,0.295,0.5,1.0,0.474,0.45,0.4,3,#808080,50.0,0.0,0.0,"Fricative sound, Reduplicated form mapped to Mass x2=0.4, Hardness x11=0.4, and Luminance x8=0.5.",COMPLETED_AFRICA_A16,4,0.5,1.0,0.9
chifi,Zulu,zu,Motion,Texture/Touch,Squishing or crushing a soft gooey object flat,chi-fi,ROOT,0.98,0.4,0.5,0.3,0.4,0.65,5200.0,0.641,0.5,0.6,0.263,0.45,0.6,3,#808080,50.0,0.0,0.0,"Click consonant, Fricative sound mapped to Mass x2=0.4, Hardness x11=0.6, and Luminance x8=0.5.",COMPLETED_AFRICA_A16,2,0.5,0.0,0.5
chifi-chifi,Zulu,zu,Motion,Texture/Touch,Intensified or continuous aspect of chifi: squishing or crushing a soft gooey object flat,chi-fi-chi-fi,REDUP_2,0.98,0.4,0.5,0.3,0.9,0.65,5200.0,0.641,0.5,1.0,0.474,0.45,0.6,3,#808080,50.0,0.0,0.0,"Click consonant, Fricative sound, Reduplicated form mapped to Mass x2=0.4, Hardness x11=0.6, and Luminance x8=0.5.",COMPLETED_AFRICA_A16,4,0.5,1.0,0.9
chifika,Zulu,zu,Verb/State,Texture/Touch,Stative verb derived from ideophone root chifi,chi-fi-ka,STATIVE_VERB,0.98,0.4,0.5,0.55,0.75,0.65,5200.0,0.641,0.5,1.0,0.474,0.45,0.85,4,#808080,50.0,0.0,0.0,"Click consonant, Fricative sound, Reduplicated form mapped to Mass x2=0.4, Hardness x11=0.85, and Luminance x8=0.5.",COMPLETED_AFRICA_A16,4,0.5,1.0,0.9
klebu,Zulu,zu,Color,Color/Purity,"Shattering red, tearing open to reveal red interior",kle-bu,ROOT,0.65,0.4,0.5,0.35,0.4,0.35,4000.0,0.487,0.7,0.6,0.263,0.45,0.4,3,#DC143C,70.0,85.0,50.0,"Standard phonetic root mapped to Mass x2=0.4, Hardness x11=0.4, and Luminance x8=0.7.",COMPLETED_AFRICA_A16,2,0.5,0.0,0.5
klebu-klebu,Zulu,zu,Color,Color/Purity,"Intensified or continuous aspect of klebu: shattering red, tearing open to reveal red interior",kle-bu-kle-bu,REDUP_2,0.65,0.4,0.5,0.35,0.9,0.35,4000.0,0.487,0.7,1.0,0.474,0.45,0.4,3,#DC143C,70.0,85.0,50.0,"Reduplicated form mapped to Mass x2=0.4, Hardness x11=0.4, and Luminance x8=0.7.",COMPLETED_AFRICA_A16,4,0.5,1.0,0.9
klebuka,Zulu,zu,Verb/State,Color/Purity,Stative verb derived from ideophone root klebu,kle-bu-ka,STATIVE_VERB,0.65,0.4,0.5,0.35,0.75,0.35,4000.0,0.487,0.5,1.0,0.474,0.45,0.4,3,#808080,50.0,0.0,0.0,"Reduplicated form mapped to Mass x2=0.4, Hardness x11=0.4, and Luminance x8=0.5.",COMPLETED_AFRICA_A16,4,0.5,1.0,0.9
bhu,Zulu,zu,Sound,Sound/Impact,Heavy thud of a falling box or body,bhu,ROOT,0.5,0.7,0.6,0.35,0.15,0.35,2500.0,0.295,0.5,0.25,0.079,0.45,0.4,3,#808080,50.0,0.0,0.0,"Standard phonetic root mapped to Mass x2=0.7, Hardness x11=0.4, and Luminance x8=0.5.",COMPLETED_AFRICA_A16,2,0.5,0.0,0.5
bhu-bhu,Zulu,zu,Sound,Sound/Impact,Intensified or continuous aspect of bhu: heavy thud of a falling box or body,bhu-bhu,REDUP_2,0.5,0.7,0.5,0.35,0.9,0.35,2500.0,0.295,0.5,1.0,0.474,0.45,0.4,3,#808080,50.0,0.0,0.0,"Reduplicated form mapped to Mass x2=0.7, Hardness x11=0.4, and Luminance x8=0.5.",COMPLETED_AFRICA_A16,4,0.5,1.0,0.9
bhuka,Zulu,zu,Verb/State,Sound/Impact,Stative verb derived from ideophone root bhu,bhu-ka,STATIVE_VERB,0.5,0.4,0.5,0.35,0.4,0.35,2500.0,0.295,0.5,0.6,0.263,0.45,0.4,3,#808080,50.0,0.0,0.0,"Standard phonetic root mapped to Mass x2=0.4, Hardness x11=0.4, and Luminance x8=0.5.",COMPLETED_AFRICA_A16,2,0.5,0.0,0.5
cwe,Zulu,zu,State,Texture/Purity,"Clear, transparent, undisturbed water surface",cwe,ROOT,0.98,0.4,0.6,0.35,0.15,0.65,5200.0,0.641,0.5,0.25,0.079,0.45,0.85,4,#808080,50.0,0.0,0.0,"Click consonant mapped to Mass x2=0.4, Hardness x11=0.85, and Luminance x8=0.5.",COMPLETED_AFRICA_A16,2,0.5,0.0,0.5
cwe-cwe,Zulu,zu,State,Texture/Purity,"Intensified or continuous aspect of cwe: clear, transparent, undisturbed water surface",cwe-cwe,REDUP_2,0.98,0.4,0.5,0.35,0.9,0.65,5200.0,0.641,0.5,1.0,0.474,0.45,0.85,4,#808080,50.0,0.0,0.0,"Click consonant, Reduplicated form mapped to Mass x2=0.4, Hardness x11=0.85, and Luminance x8=0.5.",COMPLETED_AFRICA_A16,4,0.5,1.0,0.9
cweka,Zulu,zu,Verb/State,Texture/Purity,Stative verb derived from ideophone root cwe,cwe-ka,STATIVE_VERB,0.98,0.4,0.5,0.35,0.4,0.65,5200.0,0.641,0.5,0.6,0.263,0.45,0.85,4,#808080,50.0,0.0,0.0,"Click consonant mapped to Mass x2=0.4, Hardness x11=0.85, and Luminance x8=0.5.",COMPLETED_AFRICA_A16,2,0.5,0.0,0.5
dlu,Zulu,zu,Motion,Dynamics/Motion,Surging forward aggressively or pushing past,dlu,ROOT,0.5,0.4,0.6,0.35,0.15,0.35,2500.0,0.295,0.5,0.25,0.079,0.45,0.4,3,#808080,50.0,0.0,0.0,"Standard phonetic root mapped to Mass x2=0.4, Hardness x11=0.4, and Luminance x8=0.5.",COMPLETED_AFRICA_A16,2,0.5,0.0,0.5
dlu-dlu,Zulu,zu,Motion,Dynamics/Motion,Intensified or continuous aspect of dlu: surging forward aggressively or pushing past,dlu-dlu,REDUP_2,0.5,0.4,0.5,0.35,0.9,0.35,2500.0,0.295,0.5,1.0,0.474,0.45,0.4,3,#808080,50.0,0.0,0.0,"Reduplicated form mapped to Mass x2=0.4, Hardness x11=0.4, and Luminance x8=0.5.",COMPLETED_AFRICA_A16,4,0.5,1.0,0.9
dluka,Zulu,zu,Verb/State,Dynamics/Motion,Stative verb derived from ideophone root dlu,dlu-ka,STATIVE_VERB,0.5,0.4,0.5,0.35,0.4,0.35,2500.0,0.295,0.5,0.6,0.263,0.45,0.4,3,#808080,50.0,0.0,0.0,"Standard phonetic root mapped to Mass x2=0.4, Hardness x11=0.4, and Luminance x8=0.5.",COMPLETED_AFRICA_A16,2,0.5,0.0,0.5
soi-soi,Gbaya,gba,Color,Color/Purity,"Clear, transparent, pure red or purple appearance",soi-soi,ROOT,0.65,0.4,0.5,0.55,0.75,0.35,4000.0,0.487,0.7,1.0,0.474,0.45,0.4,3,#DC143C,70.0,85.0,50.0,"Fricative sound, Reduplicated form mapped to Mass x2=0.4, Hardness x11=0.4, and Luminance x8=0.7.",COMPLETED_AFRICA_A16,4,0.5,1.0,0.9
gbagara-gbagara,Gbaya,gba,Motion,Dynamics/Motion,"Unsteady, staggering, intoxicated gait of a drunkard",gba-ga-ra,ROOT,0.45,0.5,0.5,0.35,0.9,0.35,2800.0,0.333,0.5,1.0,0.474,0.5,0.6,3,#808080,50.0,0.0,0.0,"Labial-velar (kp/gb), Reduplicated form mapped to Mass x2=0.5, Hardness x11=0.6, and Luminance x8=0.5.",COMPLETED_AFRICA_A16,4,0.5,1.0,0.9
bulu-bulu,Gbaya,gba,State,Density/Spatial,"Dense, billowing smoke rising in massive plumes",bu-lu-bu-lu,ROOT,0.5,0.4,0.5,0.35,0.75,0.35,2500.0,0.295,0.5,1.0,0.474,0.45,0.4,3,#808080,50.0,0.0,0.0,"Reduplicated form mapped to Mass x2=0.4, Hardness x11=0.4, and Luminance x8=0.5.",COMPLETED_AFRICA_A16,4,0.5,1.0,0.9
kpuk-kpuk,Gbaya,gba,Sound,Physiology/Body,"Rapid, anxious thumping of the heartbeat",kpuk-kpuk,ROOT,0.65,0.5,0.85,0.35,0.75,0.35,2800.0,0.333,0.5,1.0,0.474,0.8,0.85,4,#808080,50.0,0.0,0.0,"Labial-velar (kp/gb), Reduplicated form mapped to Mass x2=0.5, Hardness x11=0.85, and Luminance x8=0.5.",COMPLETED_AFRICA_A16,4,0.5,1.0,0.9
tek-tek,Gbaya,gba,Motion,Speed/Rhythm,"Light, brisk, rhythmic stepping of small feet",tek-tek,ROOT,0.65,0.15,0.5,0.35,0.75,0.35,4000.0,0.487,0.8,1.0,0.474,0.45,0.4,3,#FFF8DC,80.0,0.0,30.0,"Reduplicated form mapped to Mass x2=0.15, Hardness x11=0.4, and Luminance x8=0.8.",COMPLETED_AFRICA_A16,4,0.5,1.0,0.9
gidi-gidi,Gbaya,gba,State,Psychological/Emotion,"Frantic, chaotic, restless commotion or panic",gi-di-gi-di,ROOT,0.65,0.4,0.5,0.7,0.75,0.35,4000.0,0.487,0.5,1.0,0.474,0.45,0.4,3,#808080,50.0,0.0,0.0,"Reduplicated form mapped to Mass x2=0.4, Hardness x11=0.4, and Luminance x8=0.5.",COMPLETED_AFRICA_A16,4,0.5,1.0,0.9
yee,Gbaya,gba,State,Temperature,"Pleasantly cool, refreshing breeze or shade",ye-e,ROOT,0.65,0.4,0.6,0.35,0.15,0.35,4000.0,0.487,0.5,0.25,0.079,0.45,0.4,3,#808080,50.0,0.0,0.0,"Standard phonetic root mapped to Mass x2=0.4, Hardness x11=0.4, and Luminance x8=0.5.",COMPLETED_AFRICA_A16,2,0.5,0.0,0.5
kpang,Gbaya,gba,State,Posture/Position,"Stiff, rigid, unbending erect posture",kpang,ROOT,0.5,0.98,0.5,0.35,0.55,0.15,1300.0,0.141,0.5,0.6,0.263,0.8,0.85,4,#808080,50.0,0.0,0.0,"Labial-velar (kp/gb) mapped to Mass x2=0.98, Hardness x11=0.85, and Luminance x8=0.5.",COMPLETED_AFRICA_A16,2,0.5,0.0,0.5
kpang-kpang,Gbaya,gba,State,Posture/Position,"Intensified or continuous aspect of kpang: stiff, rigid, unbending erect posture",kpang-kpang,REDUP_2,0.5,0.98,0.5,0.35,0.98,0.15,1300.0,0.141,0.5,1.0,0.474,0.8,0.85,4,#808080,50.0,0.0,0.0,"Labial-velar (kp/gb), Reduplicated form mapped to Mass x2=0.98, Hardness x11=0.85, and Luminance x8=0.5.",COMPLETED_AFRICA_A16,4,0.5,1.0,0.9
kpangnci,Gbaya,gba,Abstract,Posture/Position,Abstract state/quality associated with kpang,kpang-nci,DERIVATIVE,0.65,0.75,0.5,0.35,0.9,0.35,2800.0,0.333,0.5,1.0,0.474,0.8,0.85,4,#808080,50.0,0.0,0.0,"Labial-velar (kp/gb), Reduplicated form mapped to Mass x2=0.75, Hardness x11=0.85, and Luminance x8=0.5.",COMPLETED_AFRICA_A16,4,0.5,1.0,0.9
fio-fio,Gbaya,gba,State,Density/Distance,"Tall, slender, swaying gracefulness",fio-fio,ROOT,0.65,0.4,0.5,0.55,0.75,0.35,4000.0,0.487,0.5,1.0,0.474,0.45,0.4,3,#808080,50.0,0.0,0.0,"Fricative sound, Reduplicated form mapped to Mass x2=0.4, Hardness x11=0.4, and Luminance x8=0.5.",COMPLETED_AFRICA_A16,4,0.5,1.0,0.9
dir-dir,Gbaya,gba,State,Mass/Weight,"Extremely heavy, immovable, ponderous weight",dir-dir,ROOT,0.65,0.7,0.5,0.35,0.75,0.35,4000.0,0.487,0.5,1.0,0.474,0.8,0.4,3,#808080,50.0,0.0,0.0,"Reduplicated form mapped to Mass x2=0.7, Hardness x11=0.4, and Luminance x8=0.5.",COMPLETED_AFRICA_A16,4,0.5,1.0,0.9
puk-puk,Gbaya,gba,Sound,Sound/Impact,Thudding sound of pounding grain in a wooden mortar,puk-puk,ROOT,0.5,0.4,0.5,0.35,0.75,0.35,2500.0,0.295,0.5,1.0,0.474,0.45,0.4,3,#808080,50.0,0.0,0.0,"Reduplicated form mapped to Mass x2=0.4, Hardness x11=0.4, and Luminance x8=0.5.",COMPLETED_AFRICA_A16,4,0.5,1.0,0.9
ngau-ngau,Gbaya,gba,Sound,Voice/Creature,Barking loudly or persistent harsh yelping,ngau-ngau,ROOT,0.5,0.4,0.5,0.7,0.9,0.35,2500.0,0.295,0.5,1.0,0.474,0.45,0.4,3,#808080,50.0,0.0,0.0,"Reduplicated form mapped to Mass x2=0.4, Hardness x11=0.4, and Luminance x8=0.5.",COMPLETED_AFRICA_A16,4,0.5,1.0,0.9
deng-deng,Gbaya,gba,State,Posture/Position,"Taut, stretched tightly like a drum skin",deng-deng,ROOT,0.65,0.4,0.5,0.35,0.9,0.35,4000.0,0.487,0.5,1.0,0.474,0.45,0.4,3,#808080,50.0,0.0,0.0,"Reduplicated form mapped to Mass x2=0.4, Hardness x11=0.4, and Luminance x8=0.5.",COMPLETED_AFRICA_A16,4,0.5,1.0,0.9
kor-kor,Gbaya,gba,State,Texture/Touch,"Dry, brittle, scratchy surface feel",kor-kor,ROOT,0.5,0.4,0.5,0.7,0.75,0.35,2500.0,0.295,0.5,1.0,0.474,0.45,0.4,3,#808080,50.0,0.0,0.0,"Reduplicated form mapped to Mass x2=0.4, Hardness x11=0.4, and Luminance x8=0.5.",COMPLETED_AFRICA_A16,4,0.5,1.0,0.9
zu-zu,Gbaya,gba,Motion,Dynamics/Motion,Slinking or creeping quietly through grass,zu-zu,ROOT,0.3,0.4,0.15,0.65,0.9,0.35,1300.0,0.141,0.5,1.0,0.474,0.15,0.15,2,#808080,50.0,0.0,0.0,"Fricative sound, Reduplicated form mapped to Mass x2=0.4, Hardness x11=0.15, and Luminance x8=0.5.",COMPLETED_AFRICA_A16,4,0.5,1.0,0.9
kpeee,Emai,ema,Color,Color/Purity,"Deep, intense, saturated blackness across a surface",kpe-e-e,ROOT,0.45,0.98,0.5,0.35,0.4,0.35,2800.0,0.333,0.05,0.6,0.263,0.8,0.85,4,#050505,5.0,0.0,0.0,"Labial-velar (kp/gb) mapped to Mass x2=0.98, Hardness x11=0.85, and Luminance x8=0.05.",COMPLETED_AFRICA_A16,2,0.5,0.0,0.5
khai,Emai,ema,Color,Color/Purity,"Blinding, brilliant, sunlit white",khai,ROOT,0.8,0.15,0.6,0.55,0.15,0.35,4000.0,0.487,0.95,0.25,0.079,0.45,0.4,3,#FFFFFF,95.0,0.0,0.0,"Fricative sound mapped to Mass x2=0.15, Hardness x11=0.4, and Luminance x8=0.95.",COMPLETED_AFRICA_A16,2,0.5,0.0,0.5
khai-khai,Emai,ema,Color,Color/Purity,"Intensified or continuous aspect of khai: blinding, brilliant, sunlit white",khai-khai,REDUP_2,0.8,0.15,0.5,0.55,0.9,0.35,4000.0,0.487,0.95,1.0,0.474,0.45,0.4,3,#FFFFFF,95.0,0.0,0.0,"Fricative sound, Reduplicated form mapped to Mass x2=0.15, Hardness x11=0.4, and Luminance x8=0.95.",COMPLETED_AFRICA_A16,4,0.5,1.0,0.9
khainci,Emai,ema,Abstract,Color/Purity,Abstract state/quality associated with khai,khai-nci,DERIVATIVE,0.65,0.4,0.5,0.55,0.9,0.35,4000.0,0.487,0.5,1.0,0.474,0.45,0.4,3,#808080,50.0,0.0,0.0,"Fricative sound, Reduplicated form mapped to Mass x2=0.4, Hardness x11=0.4, and Luminance x8=0.5.",COMPLETED_AFRICA_A16,4,0.5,1.0,0.9
gbam,Emai,ema,Sound,Sound/Impact,"Heavy, resonant impact sound of falling timber or metal",gbam,ROOT,0.5,0.98,0.6,0.35,0.3,0.15,1300.0,0.141,0.5,0.25,0.079,0.8,0.85,4,#808080,50.0,0.0,0.0,"Labial-velar (kp/gb) mapped to Mass x2=0.98, Hardness x11=0.85, and Luminance x8=0.5.",COMPLETED_AFRICA_A16,2,0.5,0.0,0.5
gbam-gbam,Emai,ema,Sound,Sound/Impact,"Intensified or continuous aspect of gbam: heavy, resonant impact sound of falling timber or metal",gbam-gbam,REDUP_2,0.5,0.98,0.5,0.35,0.98,0.15,1300.0,0.141,0.5,1.0,0.474,0.8,0.85,4,#808080,50.0,0.0,0.0,"Labial-velar (kp/gb), Reduplicated form mapped to Mass x2=0.98, Hardness x11=0.85, and Luminance x8=0.5.",COMPLETED_AFRICA_A16,4,0.5,1.0,0.9
gbamnci,Emai,ema,Abstract,Sound/Impact,Abstract state/quality associated with gbam,gbam-nci,DERIVATIVE,0.65,0.75,0.5,0.35,0.9,0.35,2800.0,0.333,0.5,1.0,0.474,0.8,0.85,4,#808080,50.0,0.0,0.0,"Labial-velar (kp/gb), Reduplicated form mapped to Mass x2=0.75, Hardness x11=0.85, and Luminance x8=0.5.",COMPLETED_AFRICA_A16,4,0.5,1.0,0.9
kpiti-kpiti,Emai,ema,Motion,Dynamics/Motion,"Frantic, scurrying feet of small animals or crowd",kpi-ti-kpi-ti,ROOT,0.65,0.75,0.5,0.35,0.75,0.35,2800.0,0.333,0.5,1.0,0.474,0.8,0.85,4,#808080,50.0,0.0,0.0,"Labial-velar (kp/gb), Reduplicated form mapped to Mass x2=0.75, Hardness x11=0.85, and Luminance x8=0.5.",COMPLETED_AFRICA_A16,4,0.5,1.0,0.9
vungbe,Emai,ema,State,Mass/Size,"Massive, hulking, towering physical stature",vung-be,ROOT,0.65,0.75,0.5,0.55,0.9,0.35,2800.0,0.333,0.5,1.0,0.474,0.8,0.85,4,#808080,50.0,0.0,0.0,"Labial-velar (kp/gb), Fricative sound, Reduplicated form mapped to Mass x2=0.75, Hardness x11=0.85, and Luminance x8=0.5.",COMPLETED_AFRICA_A16,4,0.5,1.0,0.9
fii,Emai,ema,Motion,Speed/Rhythm,Breezing past with high swift speed,fi-i,ROOT,0.8,0.15,0.95,0.55,0.15,0.35,4000.0,0.487,0.5,0.25,0.079,0.8,0.4,3,#808080,50.0,0.0,0.0,"Fricative sound mapped to Mass x2=0.15, Hardness x11=0.4, and Luminance x8=0.5.",COMPLETED_AFRICA_A16,1,0.5,0.0,0.5
fii-fii,Emai,ema,Motion,Speed/Rhythm,Intensified or continuous aspect of fii: breezing past with high swift speed,fi-i-fi-i,REDUP_2,0.8,0.15,0.85,0.55,0.9,0.35,4000.0,0.487,0.5,1.0,0.474,0.8,0.4,3,#808080,50.0,0.0,0.0,"Fricative sound, Reduplicated form mapped to Mass x2=0.15, Hardness x11=0.4, and Luminance x8=0.5.",COMPLETED_AFRICA_A16,4,0.5,1.0,0.9
fiinci,Emai,ema,Abstract,Speed/Rhythm,Abstract state/quality associated with fii,fi-i-nci,DERIVATIVE,0.65,0.4,0.5,0.55,0.9,0.35,4000.0,0.487,0.5,1.0,0.474,0.45,0.4,3,#808080,50.0,0.0,0.0,"Fricative sound, Reduplicated form mapped to Mass x2=0.4, Hardness x11=0.4, and Luminance x8=0.5.",COMPLETED_AFRICA_A16,4,0.5,1.0,0.9
ghoo,Emai,ema,State,Silence/Quiet,"Eerie, deserted, quiet expanse",gho-o,ROOT,0.3,0.4,0.25,0.1,0.3,0.35,1300.0,0.141,0.5,0.25,0.079,0.15,0.15,2,#808080,50.0,0.0,0.0,"Standard phonetic root mapped to Mass x2=0.4, Hardness x11=0.15, and Luminance x8=0.5.",COMPLETED_AFRICA_A16,0,0.5,0.0,0.5
ghoo-ghoo,Emai,ema,State,Silence/Quiet,"Intensified or continuous aspect of ghoo: eerie, deserted, quiet expanse",gho-o-gho-o,REDUP_2,0.3,0.4,0.15,0.1,0.9,0.35,1300.0,0.141,0.5,1.0,0.474,0.15,0.15,2,#808080,50.0,0.0,0.0,"Reduplicated form mapped to Mass x2=0.4, Hardness x11=0.15, and Luminance x8=0.5.",COMPLETED_AFRICA_A16,4,0.5,1.0,0.9
ghoonci,Emai,ema,Abstract,Silence/Quiet,Abstract state/quality associated with ghoo,gho-o-nci,DERIVATIVE,0.65,0.4,0.5,0.35,0.9,0.35,4000.0,0.487,0.5,1.0,0.474,0.45,0.4,3,#808080,50.0,0.0,0.0,"Reduplicated form mapped to Mass x2=0.4, Hardness x11=0.4, and Luminance x8=0.5.",COMPLETED_AFRICA_A16,4,0.5,1.0,0.9
titi-titi,Emai,ema,Sound,Sound/Impact,Rumbling vibration of distant thunder or stamping feet,ti-ti-ti-ti,ROOT,0.65,0.4,0.5,0.35,0.75,0.35,4000.0,0.487,0.5,1.0,0.474,0.45,0.4,3,#808080,50.0,0.0,0.0,"Reduplicated form mapped to Mass x2=0.4, Hardness x11=0.4, and Luminance x8=0.5.",COMPLETED_AFRICA_A16,4,0.5,1.0,0.9
kpaa,Emai,ema,State,Texture/Purity,"Thoroughly dried out, parched, arid condition",kpa-a,ROOT,0.5,0.75,0.6,0.7,0.15,0.35,1300.0,0.141,0.5,0.25,0.079,0.8,0.85,4,#808080,50.0,0.0,0.0,"Labial-velar (kp/gb) mapped to Mass x2=0.75, Hardness x11=0.85, and Luminance x8=0.5.",COMPLETED_AFRICA_A16,2,0.5,0.0,0.5
kpaa-kpaa,Emai,ema,State,Texture/Purity,"Intensified or continuous aspect of kpaa: thoroughly dried out, parched, arid condition",kpa-a-kpa-a,REDUP_2,0.5,0.75,0.5,0.7,0.9,0.35,1300.0,0.141,0.5,1.0,0.474,0.8,0.85,4,#808080,50.0,0.0,0.0,"Labial-velar (kp/gb), Reduplicated form mapped to Mass x2=0.75, Hardness x11=0.85, and Luminance x8=0.5.",COMPLETED_AFRICA_A16,4,0.5,1.0,0.9
kpaanci,Emai,ema,Abstract,Texture/Purity,Abstract state/quality associated with kpaa,kpa-a-nci,DERIVATIVE,0.65,0.75,0.5,0.35,0.9,0.35,2800.0,0.333,0.5,1.0,0.474,0.8,0.85,4,#808080,50.0,0.0,0.0,"Labial-velar (kp/gb), Reduplicated form mapped to Mass x2=0.75, Hardness x11=0.85, and Luminance x8=0.5.",COMPLETED_AFRICA_A16,4,0.5,1.0,0.9
nyen-nyen,Emai,ema,Motion,Dynamics/Motion,"Twisting, wriggling, serpentine motion",nyen-nyen,ROOT,0.65,0.4,0.5,0.35,0.9,0.35,4000.0,0.487,0.5,1.0,0.474,0.45,0.4,3,#808080,50.0,0.0,0.0,"Reduplicated form mapped to Mass x2=0.4, Hardness x11=0.4, and Luminance x8=0.5.",COMPLETED_AFRICA_A16,4,0.5,1.0,0.9
kpe-kpe,Emai,ema,State,Density/Spatial,"Neatly arranged, tight side-by-side order",kpe-kpe,ROOT,0.65,0.75,0.5,0.35,0.75,0.35,2800.0,0.333,0.5,1.0,0.474,0.8,0.85,4,#808080,50.0,0.0,0.0,"Labial-velar (kp/gb), Reduplicated form mapped to Mass x2=0.75, Hardness x11=0.85, and Luminance x8=0.5.",COMPLETED_AFRICA_A16,4,0.5,1.0,0.9
zaa,Emai,ema,Sound,Dynamics/Motion,Heavy pouring of rain onto leaves,za-a,ROOT,0.5,0.7,0.6,0.55,0.15,0.35,2500.0,0.295,0.5,0.25,0.079,0.45,0.4,3,#808080,50.0,0.0,0.0,"Fricative sound mapped to Mass x2=0.7, Hardness x11=0.4, and Luminance x8=0.5.",COMPLETED_AFRICA_A16,2,0.5,0.0,0.5
zaa-zaa,Emai,ema,Sound,Dynamics/Motion,Intensified or continuous aspect of zaa: heavy pouring of rain onto leaves,za-a-za-a,REDUP_2,0.5,0.7,0.5,0.55,0.9,0.35,2500.0,0.295,0.5,1.0,0.474,0.45,0.4,3,#808080,50.0,0.0,0.0,"Fricative sound, Reduplicated form mapped to Mass x2=0.7, Hardness x11=0.4, and Luminance x8=0.5.",COMPLETED_AFRICA_A16,4,0.5,1.0,0.9
zaanci,Emai,ema,Abstract,Dynamics/Motion,Abstract state/quality associated with zaa,za-a-nci,DERIVATIVE,0.65,0.4,0.5,0.55,0.9,0.35,4000.0,0.487,0.5,1.0,0.474,0.45,0.4,3,#808080,50.0,0.0,0.0,"Fricative sound, Reduplicated form mapped to Mass x2=0.4, Hardness x11=0.4, and Luminance x8=0.5.",COMPLETED_AFRICA_A16,4,0.5,1.0,0.9
yibx,Ewe,ee,Color,Color/Purity,"Primary word for black; dark, jet-black ideophone root",yi-bx,ROOT,0.45,0.7,0.6,0.35,0.15,0.35,2800.0,0.333,0.05,0.25,0.079,0.45,0.4,3,#050505,5.0,0.0,0.0,"Standard phonetic root mapped to Mass x2=0.7, Hardness x11=0.4, and Luminance x8=0.05.",COMPLETED_AFRICA_A16,2,0.5,0.0,0.5
yibx-yibx,Ewe,ee,Color,Color/Purity,"Intensified or continuous aspect of yibx: primary word for black; dark, jet-black ideophone root",yi-bx-yi-bx,REDUP_2,0.45,0.7,0.5,0.35,0.9,0.35,2800.0,0.333,0.05,1.0,0.474,0.45,0.4,3,#050505,5.0,0.0,0.0,"Reduplicated form mapped to Mass x2=0.7, Hardness x11=0.4, and Luminance x8=0.05.",COMPLETED_AFRICA_A16,4,0.5,1.0,0.9
yibxnci,Ewe,ee,Abstract,Color/Purity,Abstract state/quality associated with yibx,yi-bx-nci,DERIVATIVE,0.65,0.4,0.5,0.35,0.9,0.35,4000.0,0.487,0.5,1.0,0.474,0.45,0.4,3,#808080,50.0,0.0,0.0,"Reduplicated form mapped to Mass x2=0.4, Hardness x11=0.4, and Luminance x8=0.5.",COMPLETED_AFRICA_A16,4,0.5,1.0,0.9
zoŋ-zoŋ,Ewe,ee,Color,Color/Purity,"Luminous, brilliant scarlet or purple-red",zong-zong,ROOT,0.5,0.4,0.5,0.55,0.75,0.35,2500.0,0.295,0.7,1.0,0.474,0.45,0.4,3,#DC143C,70.0,85.0,50.0,"Fricative sound, Reduplicated form mapped to Mass x2=0.4, Hardness x11=0.4, and Luminance x8=0.7.",COMPLETED_AFRICA_A16,4,0.5,1.0,0.9
kplakpla,Ewe,ee,Motion,Dynamics/Motion,"Hasty, restless, hurried movements without caution",kpla-kpla,ROOT,0.5,0.75,0.5,0.35,0.75,0.35,1300.0,0.141,0.5,1.0,0.474,0.8,0.85,4,#808080,50.0,0.0,0.0,"Labial-velar (kp/gb), Reduplicated form mapped to Mass x2=0.75, Hardness x11=0.85, and Luminance x8=0.5.",COMPLETED_AFRICA_A16,4,0.5,1.0,0.9
bɔbɔbɔ,Ewe,ee,State,Texture/Touch,"Extremely soft, pliable, yields gently to touch",bo-bo-bo,ROOT,0.5,0.4,0.5,0.1,0.75,0.35,2500.0,0.295,0.5,1.0,0.474,0.8,0.15,2,#808080,50.0,0.0,0.0,"Reduplicated form mapped to Mass x2=0.4, Hardness x11=0.15, and Luminance x8=0.5.",COMPLETED_AFRICA_A16,4,0.5,1.0,0.9
syasyasya,Ewe,ee,Sound,Texture/Touch,Gushing water or heavy downpour roaring sound,sya-sya-sya,ROOT,0.5,0.7,0.5,0.55,0.75,0.35,2500.0,0.295,0.5,1.0,0.474,0.45,0.4,3,#808080,50.0,0.0,0.0,"Fricative sound, Reduplicated form mapped to Mass x2=0.7, Hardness x11=0.4, and Luminance x8=0.5.",COMPLETED_AFRICA_A16,4,0.5,1.0,0.9
gliii,Ewe,ee,State,Posture/Position,"Immovably firm, towering like a stone wall",gli-i-i,ROOT,0.65,0.7,0.5,0.35,0.4,0.15,4000.0,0.487,0.5,0.6,0.263,0.8,0.85,4,#808080,50.0,0.0,0.0,"Standard phonetic root mapped to Mass x2=0.7, Hardness x11=0.85, and Luminance x8=0.5.",COMPLETED_AFRICA_A16,2,0.5,0.0,0.5
dzẽe,Ewe,ee,Color,Color/Purity,Brightly glowing reddish or orange hue,dze-e,ROOT,0.65,0.4,0.6,0.55,0.15,0.35,4000.0,0.487,0.7,0.25,0.079,0.45,0.4,3,#DC143C,70.0,85.0,50.0,"Fricative sound mapped to Mass x2=0.4, Hardness x11=0.4, and Luminance x8=0.7.",COMPLETED_AFRICA_A16,2,0.5,0.0,0.5
dzẽe-dzẽe,Ewe,ee,Color,Color/Purity,Intensified or continuous aspect of dzẽe: brightly glowing reddish or orange hue,dze-e-dze-e,REDUP_2,0.65,0.4,0.5,0.55,0.9,0.35,4000.0,0.487,0.7,1.0,0.474,0.45,0.4,3,#DC143C,70.0,85.0,50.0,"Fricative sound, Reduplicated form mapped to Mass x2=0.4, Hardness x11=0.4, and Luminance x8=0.7.",COMPLETED_AFRICA_A16,4,0.5,1.0,0.9
dzẽenci,Ewe,ee,Abstract,Color/Purity,Abstract state/quality associated with dzẽe,dze-e-nci,DERIVATIVE,0.65,0.4,0.5,0.55,0.9,0.35,4000.0,0.487,0.5,1.0,0.474,0.45,0.4,3,#808080,50.0,0.0,0.0,"Fricative sound, Reduplicated form mapped to Mass x2=0.4, Hardness x11=0.4, and Luminance x8=0.5.",COMPLETED_AFRICA_A16,4,0.5,1.0,0.9
kpooo,Ewe,ee,State,Silence/Quiet,"Tranquil, peaceful, calm, undisturbed state",kpo-o-o,ROOT,0.3,0.75,0.15,0.35,0.55,0.35,1300.0,0.141,0.5,0.6,0.263,0.5,0.6,3,#808080,50.0,0.0,0.0,"Labial-velar (kp/gb) mapped to Mass x2=0.75, Hardness x11=0.6, and Luminance x8=0.5.",COMPLETED_AFRICA_A16,0,0.5,0.0,0.5
kpooo-kpooo,Ewe,ee,State,Silence/Quiet,"Intensified or continuous aspect of kpooo: tranquil, peaceful, calm, undisturbed state",kpo-o-o-kpo-o-o,REDUP_2,0.3,0.75,0.15,0.35,0.9,0.35,1300.0,0.141,0.5,1.0,0.474,0.5,0.6,3,#808080,50.0,0.0,0.0,"Labial-velar (kp/gb), Reduplicated form mapped to Mass x2=0.75, Hardness x11=0.6, and Luminance x8=0.5.",COMPLETED_AFRICA_A16,4,0.5,1.0,0.9
kpooonci,Ewe,ee,Abstract,Silence/Quiet,Abstract state/quality associated with kpooo,kpo-o-o-nci,DERIVATIVE,0.65,0.75,0.5,0.35,0.9,0.35,2800.0,0.333,0.5,1.0,0.474,0.8,0.85,4,#808080,50.0,0.0,0.0,"Labial-velar (kp/gb), Reduplicated form mapped to Mass x2=0.75, Hardness x11=0.85, and Luminance x8=0.5.",COMPLETED_AFRICA_A16,4,0.5,1.0,0.9
tsatsatsa,Ewe,ee,Motion,Speed/Rhythm,"Rapid, energetic, brisk walking or dancing",tsa-tsa-tsa,ROOT,0.65,0.15,0.85,0.55,0.75,0.35,4000.0,0.487,0.5,1.0,0.474,0.8,0.4,3,#808080,50.0,0.0,0.0,"Fricative sound, Reduplicated form mapped to Mass x2=0.15, Hardness x11=0.4, and Luminance x8=0.5.",COMPLETED_AFRICA_A16,4,0.5,1.0,0.9
feee,Ewe,ee,State,Mass/Weight,"Feather-light, floating effortlessly in air",fe-e-e,ROOT,0.65,0.15,0.6,0.55,0.15,0.35,4000.0,0.487,0.8,0.25,0.079,0.45,0.4,3,#FFF8DC,80.0,0.0,30.0,"Fricative sound mapped to Mass x2=0.15, Hardness x11=0.4, and Luminance x8=0.8.",COMPLETED_AFRICA_A16,2,0.5,0.0,0.5
vuvu,Ewe,ee,Motion,Dynamics/Motion,Fluttering or shaking uncontrollably in wind,vu-vu,ROOT,0.5,0.4,0.6,0.55,0.15,0.35,2500.0,0.295,0.5,0.25,0.079,0.45,0.4,3,#808080,50.0,0.0,0.0,"Fricative sound mapped to Mass x2=0.4, Hardness x11=0.4, and Luminance x8=0.5.",COMPLETED_AFRICA_A16,2,0.5,0.0,0.5
vuvu-vuvu,Ewe,ee,Motion,Dynamics/Motion,Intensified or continuous aspect of vuvu: fluttering or shaking uncontrollably in wind,vu-vu-vu-vu,REDUP_2,0.5,0.4,0.5,0.55,0.9,0.35,2500.0,0.295,0.5,1.0,0.474,0.45,0.4,3,#808080,50.0,0.0,0.0,"Fricative sound, Reduplicated form mapped to Mass x2=0.4, Hardness x11=0.4, and Luminance x8=0.5.",COMPLETED_AFRICA_A16,4,0.5,1.0,0.9
vuvunci,Ewe,ee,Abstract,Dynamics/Motion,Abstract state/quality associated with vuvu,vu-vu-nci,DERIVATIVE,0.65,0.4,0.5,0.55,0.9,0.35,4000.0,0.487,0.5,1.0,0.474,0.45,0.4,3,#808080,50.0,0.0,0.0,"Fricative sound, Reduplicated form mapped to Mass x2=0.4, Hardness x11=0.4, and Luminance x8=0.5.",COMPLETED_AFRICA_A16,4,0.5,1.0,0.9
kpakpa,Ewe,ee,Sound,Sound/Impact,Clapping hands or wood hitting together,kpa-kpa,ROOT,0.5,0.75,0.5,0.35,0.75,0.35,1300.0,0.141,0.5,1.0,0.474,0.8,0.85,4,#808080,50.0,0.0,0.0,"Labial-velar (kp/gb), Reduplicated form mapped to Mass x2=0.75, Hardness x11=0.85, and Luminance x8=0.5.",COMPLETED_AFRICA_A16,4,0.5,1.0,0.9
c'onc'on,Siwu,sib,State,Texture/Touch,"Woven extremely tightly, dense mesh/fabric",ch'on-ch'on,ROOT,0.5,0.4,0.5,0.35,0.9,0.65,2500.0,0.295,0.5,1.0,0.474,0.8,0.4,3,#808080,50.0,0.0,0.0,"Reduplicated form mapped to Mass x2=0.4, Hardness x11=0.4, and Luminance x8=0.5.",COMPLETED_AFRICA_A16,4,0.5,1.0,0.9
ulakpulak,Siwu,sib,State,Posture/Position,"Unbalanced, terrifying, unstable appearance",u-lak-pu-lak,ROOT,0.5,0.75,0.5,0.35,0.75,0.35,1300.0,0.141,0.5,1.0,0.474,0.8,0.85,4,#808080,50.0,0.0,0.0,"Labial-velar (kp/gb), Reduplicated form mapped to Mass x2=0.75, Hardness x11=0.85, and Luminance x8=0.5.",COMPLETED_AFRICA_A16,4,0.5,1.0,0.9
colcol,Siwu,sib,Sound,Dynamics/Motion,Liquids flowing smoothly or gurgling in a stream,chol-chol,ROOT,0.5,0.4,0.5,0.1,0.75,0.35,2500.0,0.295,0.5,1.0,0.474,0.45,0.15,2,#808080,50.0,0.0,0.0,"Reduplicated form mapped to Mass x2=0.4, Hardness x11=0.15, and Luminance x8=0.5.",COMPLETED_AFRICA_A16,4,0.5,1.0,0.9
kpɔrikpɔri,Siwu,sib,State,Texture/Touch,"Rough, coarse, uneven surface like tree bark",kpo-ri-kpo-ri,ROOT,0.65,0.75,0.5,0.7,0.75,0.35,2800.0,0.333,0.5,1.0,0.474,0.8,0.85,4,#808080,50.0,0.0,0.0,"Labial-velar (kp/gb), Reduplicated form mapped to Mass x2=0.75, Hardness x11=0.85, and Luminance x8=0.5.",COMPLETED_AFRICA_A16,4,0.5,1.0,0.9
nyimi-nyimi,Siwu,sib,Motion,Dynamics/Motion,"Tiny, continuous, shimmering movements like insects",nyi-mi-nyi-mi,ROOT,0.65,0.4,0.5,0.35,0.98,0.35,4000.0,0.487,0.5,1.0,0.474,0.45,0.4,3,#808080,50.0,0.0,0.0,"Reduplicated form mapped to Mass x2=0.4, Hardness x11=0.4, and Luminance x8=0.5.",COMPLETED_AFRICA_A16,4,0.5,1.0,0.9
kpɔtɔkpɔtɔ,Siwu,sib,State,Texture/Touch,"Thick, muddy, slushy, squelching wetness",kpo-to-kpo-to,ROOT,0.5,0.98,0.5,0.35,0.75,0.35,1300.0,0.141,0.5,1.0,0.474,0.8,0.85,4,#808080,50.0,0.0,0.0,"Labial-velar (kp/gb), Reduplicated form mapped to Mass x2=0.98, Hardness x11=0.85, and Luminance x8=0.5.",COMPLETED_AFRICA_A16,4,0.5,1.0,0.9
kpikpi,Siwu,sib,State,Density/Spatial,Crowded tightly together without space between,kpi-kpi,ROOT,0.65,0.75,0.5,0.35,0.75,0.35,2800.0,0.333,0.5,1.0,0.474,0.8,0.85,4,#808080,50.0,0.0,0.0,"Labial-velar (kp/gb), Reduplicated form mapped to Mass x2=0.75, Hardness x11=0.85, and Luminance x8=0.5.",COMPLETED_AFRICA_A16,4,0.5,1.0,0.9
fɔfɔfɔ,Siwu,sib,State,Texture/Touch,"Fluffy, light, airy cotton-like texture",fo-fo-fo,ROOT,0.5,0.15,0.5,0.55,0.75,0.35,2500.0,0.295,0.8,1.0,0.474,0.45,0.4,3,#FFF8DC,80.0,0.0,30.0,"Fricative sound, Reduplicated form mapped to Mass x2=0.15, Hardness x11=0.4, and Luminance x8=0.8.",COMPLETED_AFRICA_A16,4,0.5,1.0,0.9
kporo-kporo,Siwu,sib,Sound,Sound/Impact,Dry seeds rattling inside a dried gourd,kpo-ro-kpo-ro,ROOT,0.5,0.75,0.5,0.7,0.75,0.35,1300.0,0.141,0.5,1.0,0.474,0.8,0.85,4,#808080,50.0,0.0,0.0,"Labial-velar (kp/gb), Reduplicated form mapped to Mass x2=0.75, Hardness x11=0.85, and Luminance x8=0.5.",COMPLETED_AFRICA_A16,4,0.5,1.0,0.9
dzidzidzi,Siwu,sib,State,Psychological/Emotion,Shivering with intense cold or bodily tremor,dzi-dzi-dzi,ROOT,0.65,0.4,0.5,0.55,0.75,0.35,4000.0,0.487,0.5,1.0,0.474,0.45,0.4,3,#808080,50.0,0.0,0.0,"Fricative sound, Reduplicated form mapped to Mass x2=0.4, Hardness x11=0.4, and Luminance x8=0.5.",COMPLETED_AFRICA_A16,4,0.5,1.0,0.9
sɛsɛsɛ,Siwu,sib,State,Texture/Purity,"Clean, pristine, neat condition",se-se-se,ROOT,0.5,0.4,0.5,0.3,0.75,0.35,2500.0,0.295,0.5,1.0,0.474,0.45,0.15,2,#808080,50.0,0.0,0.0,"Fricative sound, Reduplicated form mapped to Mass x2=0.4, Hardness x11=0.15, and Luminance x8=0.5.",COMPLETED_AFRICA_A16,4,0.5,1.0,0.9
kpukpu,Siwu,sib,State,Mass/Size,"Short, stubby, thickset physique",kpu-kpu,ROOT,0.5,0.75,0.5,0.35,0.75,0.35,1300.0,0.141,0.5,1.0,0.474,0.8,0.85,4,#808080,50.0,0.0,0.0,"Labial-velar (kp/gb), Reduplicated form mapped to Mass x2=0.75, Hardness x11=0.85, and Luminance x8=0.5.",COMPLETED_AFRICA_A16,4,0.5,1.0,0.9
gwada,Shona,sn,Motion,Posture/Position,Kneeling down suddenly or abruptly falling to knees,gwa-da,ROOT,0.65,0.15,0.85,0.35,0.4,0.35,4000.0,0.487,0.5,0.6,0.263,0.8,0.4,3,#808080,50.0,0.0,0.0,"Standard phonetic root mapped to Mass x2=0.15, Hardness x11=0.4, and Luminance x8=0.5.",COMPLETED_AFRICA_A16,1,0.5,0.0,0.5
gwada-gwada,Shona,sn,Motion,Posture/Position,Intensified or continuous aspect of gwada: kneeling down suddenly or abruptly falling to knees,gwa-da-gwa-da,REDUP_2,0.65,0.15,0.85,0.35,0.9,0.35,4000.0,0.487,0.5,1.0,0.474,0.8,0.4,3,#808080,50.0,0.0,0.0,"Reduplicated form mapped to Mass x2=0.15, Hardness x11=0.4, and Luminance x8=0.5.",COMPLETED_AFRICA_A16,4,0.5,1.0,0.9
gwadaka,Shona,sn,Verb/State,Posture/Position,Stative verb derived from ideophone root gwada,gwa-da-ka,STATIVE_VERB,0.5,0.4,0.5,0.35,0.75,0.35,2500.0,0.295,0.5,1.0,0.474,0.45,0.4,3,#808080,50.0,0.0,0.0,"Reduplicated form mapped to Mass x2=0.4, Hardness x11=0.4, and Luminance x8=0.5.",COMPLETED_AFRICA_A16,4,0.5,1.0,0.9
dzveng,Shona,sn,Motion,Dynamics/Motion,Swerving or dodging quickly to evade an obstacle,dzveng,ROOT,0.8,0.15,0.85,0.55,0.9,0.35,4000.0,0.487,0.5,1.0,0.474,0.8,0.4,3,#808080,50.0,0.0,0.0,"Fricative sound, Reduplicated form mapped to Mass x2=0.15, Hardness x11=0.4, and Luminance x8=0.5.",COMPLETED_AFRICA_A16,4,0.5,1.0,0.9
nyik,Shona,sn,Motion,Texture/Touch,Dipping or immersing something briefly into water,nyik,ROOT,0.65,0.15,0.6,0.35,0.3,0.35,4000.0,0.487,0.5,0.25,0.079,0.45,0.4,3,#808080,50.0,0.0,0.0,"Standard phonetic root mapped to Mass x2=0.15, Hardness x11=0.4, and Luminance x8=0.5.",COMPLETED_AFRICA_A16,2,0.5,0.0,0.5
nyik-nyik,Shona,sn,Motion,Texture/Touch,Intensified or continuous aspect of nyik: dipping or immersing something briefly into water,nyik-nyik,REDUP_2,0.65,0.15,0.5,0.35,0.98,0.35,4000.0,0.487,0.5,1.0,0.474,0.45,0.4,3,#808080,50.0,0.0,0.0,"Reduplicated form mapped to Mass x2=0.15, Hardness x11=0.4, and Luminance x8=0.5.",COMPLETED_AFRICA_A16,4,0.5,1.0,0.9
nyikka,Shona,sn,Verb/State,Texture/Touch,Stative verb derived from ideophone root nyik,nyik-ka,STATIVE_VERB,0.65,0.4,0.5,0.35,0.9,0.35,4000.0,0.487,0.5,1.0,0.474,0.45,0.4,3,#808080,50.0,0.0,0.0,"Reduplicated form mapped to Mass x2=0.4, Hardness x11=0.4, and Luminance x8=0.5.",COMPLETED_AFRICA_A16,4,0.5,1.0,0.9
pata-pata,Shona,sn,Sound,Speed/Rhythm,"Clattering, rapid footsteps or sandal sound",pa-ta-pa-ta,ROOT,0.65,0.15,0.85,0.35,0.75,0.35,4000.0,0.487,0.5,1.0,0.474,0.8,0.4,3,#808080,50.0,0.0,0.0,"Reduplicated form mapped to Mass x2=0.15, Hardness x11=0.4, and Luminance x8=0.5.",COMPLETED_AFRICA_A16,4,0.5,1.0,0.9
pindilili,Shona,sn,Motion,Dynamics/Motion,Entering deep inside a dark cave or room without pause,pin-di-li-li,ROOT,0.45,0.7,0.5,0.35,0.9,0.35,2800.0,0.333,0.05,1.0,0.474,0.45,0.4,3,#050505,5.0,0.0,0.0,"Reduplicated form mapped to Mass x2=0.7, Hardness x11=0.4, and Luminance x8=0.05.",COMPLETED_AFRICA_A16,4,0.5,1.0,0.9
tsvukuru,Shona,sn,Color,Color/Purity,"Striking, rich reddish-brown hue",tsvu-ku-ru,ROOT,0.5,0.4,0.5,0.55,0.75,0.35,2500.0,0.295,0.7,1.0,0.474,0.45,0.4,3,#DC143C,70.0,85.0,50.0,"Fricative sound, Reduplicated form mapped to Mass x2=0.4, Hardness x11=0.4, and Luminance x8=0.7.",COMPLETED_AFRICA_A16,4,0.5,1.0,0.9
mbee,Shona,sn,Color,Color/Purity,"Clean, pristine, brightly lit whiteness",mbe-e,ROOT,0.8,0.15,0.6,0.1,0.3,0.35,4000.0,0.487,0.95,0.25,0.079,0.45,0.15,2,#FFFFFF,95.0,0.0,0.0,"Standard phonetic root mapped to Mass x2=0.15, Hardness x11=0.15, and Luminance x8=0.95.",COMPLETED_AFRICA_A16,2,0.5,0.0,0.5
zii,Shona,sn,State,Silence/Quiet,"Dead, motionless stillness across the land",zi-i,ROOT,0.45,0.4,0.25,0.55,0.3,0.35,2800.0,0.333,0.5,0.25,0.079,0.15,0.15,2,#808080,50.0,0.0,0.0,"Fricative sound mapped to Mass x2=0.4, Hardness x11=0.15, and Luminance x8=0.5.",COMPLETED_AFRICA_A16,0,0.5,0.0,0.5
zii-zii,Shona,sn,State,Silence/Quiet,"Intensified or continuous aspect of zii: dead, motionless stillness across the land",zi-i-zi-i,REDUP_2,0.45,0.4,0.15,0.55,0.9,0.35,2800.0,0.333,0.5,1.0,0.474,0.15,0.15,2,#808080,50.0,0.0,0.0,"Fricative sound, Reduplicated form mapped to Mass x2=0.4, Hardness x11=0.15, and Luminance x8=0.5.",COMPLETED_AFRICA_A16,4,0.5,1.0,0.9
ziika,Shona,sn,Verb/State,Silence/Quiet,Stative verb derived from ideophone root zii,zi-i-ka,STATIVE_VERB,0.65,0.4,0.5,0.55,0.4,0.35,4000.0,0.487,0.5,0.6,0.263,0.45,0.4,3,#808080,50.0,0.0,0.0,"Fricative sound mapped to Mass x2=0.4, Hardness x11=0.4, and Luminance x8=0.5.",COMPLETED_AFRICA_A16,2,0.5,0.0,0.5
ribi,Shona,sn,Sound,Sound/Impact,Heavy thud of a large animal falling over,ri-bi,ROOT,0.65,0.7,0.6,0.35,0.15,0.35,4000.0,0.487,0.5,0.25,0.079,0.45,0.4,3,#808080,50.0,0.0,0.0,"Standard phonetic root mapped to Mass x2=0.7, Hardness x11=0.4, and Luminance x8=0.5.",COMPLETED_AFRICA_A16,2,0.5,0.0,0.5
ribi-ribi,Shona,sn,Sound,Sound/Impact,Intensified or continuous aspect of ribi: heavy thud of a large animal falling over,ri-bi-ri-bi,REDUP_2,0.65,0.7,0.5,0.35,0.9,0.35,4000.0,0.487,0.5,1.0,0.474,0.45,0.4,3,#808080,50.0,0.0,0.0,"Reduplicated form mapped to Mass x2=0.7, Hardness x11=0.4, and Luminance x8=0.5.",COMPLETED_AFRICA_A16,4,0.5,1.0,0.9
ribika,Shona,sn,Verb/State,Sound/Impact,Stative verb derived from ideophone root ribi,ri-bi-ka,STATIVE_VERB,0.65,0.4,0.5,0.35,0.75,0.35,4000.0,0.487,0.5,1.0,0.474,0.45,0.4,3,#808080,50.0,0.0,0.0,"Reduplicated form mapped to Mass x2=0.4, Hardness x11=0.4, and Luminance x8=0.5.",COMPLETED_AFRICA_A16,4,0.5,1.0,0.9
chachacha,Shona,sn,Sound,Dynamics/Motion,Torrential downpour beating on roofs or leaves,cha-cha-cha,ROOT,0.85,0.4,0.5,0.35,0.75,0.65,3700.0,0.449,0.5,1.0,0.474,0.45,0.85,4,#808080,50.0,0.0,0.0,"Click consonant, Reduplicated form mapped to Mass x2=0.4, Hardness x11=0.85, and Luminance x8=0.5.",COMPLETED_AFRICA_A16,4,0.5,1.0,0.9
pwa,Shona,sn,Sound,Sound/Impact,Crushing or squishing an insect or egg,pwa,ROOT,0.5,0.4,0.6,0.35,0.15,0.35,2500.0,0.295,0.5,0.25,0.079,0.45,0.4,3,#808080,50.0,0.0,0.0,"Standard phonetic root mapped to Mass x2=0.4, Hardness x11=0.4, and Luminance x8=0.5.",COMPLETED_AFRICA_A16,2,0.5,0.0,0.5
pwa-pwa,Shona,sn,Sound,Sound/Impact,Intensified or continuous aspect of pwa: crushing or squishing an insect or egg,pwa-pwa,REDUP_2,0.5,0.4,0.5,0.35,0.9,0.35,2500.0,0.295,0.5,1.0,0.474,0.45,0.4,3,#808080,50.0,0.0,0.0,"Reduplicated form mapped to Mass x2=0.4, Hardness x11=0.4, and Luminance x8=0.5.",COMPLETED_AFRICA_A16,4,0.5,1.0,0.9
pwaka,Shona,sn,Verb/State,Sound/Impact,Stative verb derived from ideophone root pwa,pwa-ka,STATIVE_VERB,0.5,0.4,0.5,0.35,0.4,0.35,2500.0,0.295,0.5,0.6,0.263,0.45,0.4,3,#808080,50.0,0.0,0.0,"Standard phonetic root mapped to Mass x2=0.4, Hardness x11=0.4, and Luminance x8=0.5.",COMPLETED_AFRICA_A16,2,0.5,0.0,0.5
kobvo,Shona,sn,State,Mass/Size,"Extremely thick, heavy rope or plank",ko-bvo,ROOT,0.5,0.7,0.5,0.55,0.4,0.35,2500.0,0.295,0.5,0.6,0.263,0.8,0.4,3,#808080,50.0,0.0,0.0,"Fricative sound mapped to Mass x2=0.7, Hardness x11=0.4, and Luminance x8=0.5.",COMPLETED_AFRICA_A16,2,0.5,0.0,0.5
kobvo-kobvo,Shona,sn,State,Mass/Size,"Intensified or continuous aspect of kobvo: extremely thick, heavy rope or plank",ko-bvo-ko-bvo,REDUP_2,0.5,0.7,0.5,0.55,0.9,0.35,2500.0,0.295,0.5,1.0,0.474,0.8,0.4,3,#808080,50.0,0.0,0.0,"Fricative sound, Reduplicated form mapped to Mass x2=0.7, Hardness x11=0.4, and Luminance x8=0.5.",COMPLETED_AFRICA_A16,4,0.5,1.0,0.9
kobvoka,Shona,sn,Verb/State,Mass/Size,Stative verb derived from ideophone root kobvo,ko-bvo-ka,STATIVE_VERB,0.5,0.4,0.5,0.55,0.75,0.35,2500.0,0.295,0.5,1.0,0.474,0.45,0.4,3,#808080,50.0,0.0,0.0,"Fricative sound, Reduplicated form mapped to Mass x2=0.4, Hardness x11=0.4, and Luminance x8=0.5.",COMPLETED_AFRICA_A16,4,0.5,1.0,0.9
timutimutiku,Yoruba,yo,State,Mass/Size,"Plump, rounded, fleshy appearance",ti-mu-ti-mu,ROOT,0.65,0.4,0.5,0.35,0.9,0.35,4000.0,0.487,0.5,1.0,0.474,0.45,0.4,3,#808080,50.0,0.0,0.0,"Reduplicated form mapped to Mass x2=0.4, Hardness x11=0.4, and Luminance x8=0.5.",COMPLETED_AFRICA_A16,4,0.5,1.0,0.9
bambariba,Yoruba,yo,State,Mass/Size,"Hugely bulky, massive, rotund stature",bam-ba-ri-ba,ROOT,0.65,0.4,0.5,0.35,0.9,0.35,4000.0,0.487,0.5,1.0,0.474,0.45,0.4,3,#808080,50.0,0.0,0.0,"Reduplicated form mapped to Mass x2=0.4, Hardness x11=0.4, and Luminance x8=0.5.",COMPLETED_AFRICA_A16,4,0.5,1.0,0.9
yomuyomu,Yoruba,yo,State,Taste/Texture,"Deliciously rich, slippery, succulent food texture",yo-mu-yo-mu,ROOT,0.5,0.4,0.5,0.1,0.9,0.35,2500.0,0.295,0.5,1.0,0.474,0.45,0.15,2,#808080,50.0,0.0,0.0,"Reduplicated form mapped to Mass x2=0.4, Hardness x11=0.15, and Luminance x8=0.5.",COMPLETED_AFRICA_A16,4,0.5,1.0,0.9
fian-fian,Yoruba,yo,Color,Color/Purity,"Blazing, scorching, blinding sunlight",fian-fian,ROOT,0.65,0.15,0.5,0.55,0.9,0.35,4000.0,0.487,0.8,1.0,0.474,0.45,0.4,3,#FFF8DC,80.0,0.0,30.0,"Fricative sound, Reduplicated form mapped to Mass x2=0.15, Hardness x11=0.4, and Luminance x8=0.8.",COMPLETED_AFRICA_A16,4,0.5,1.0,0.9
girigiri,Yoruba,yo,Motion,Dynamics/Motion,Rushing forward in a stampede or heavy footsteps,gi-ri-gi-ri,ROOT,0.65,0.7,0.5,0.35,0.75,0.35,4000.0,0.487,0.5,1.0,0.474,0.45,0.4,3,#808080,50.0,0.0,0.0,"Reduplicated form mapped to Mass x2=0.7, Hardness x11=0.4, and Luminance x8=0.5.",COMPLETED_AFRICA_A16,4,0.5,1.0,0.9
radarada,Yoruba,yo,State,Psychological/Behavior,"Senseless, disorderly, trashy behavior/appearance",ra-da-ra-da,ROOT,0.5,0.4,0.5,0.35,0.75,0.35,2500.0,0.295,0.5,1.0,0.474,0.45,0.4,3,#808080,50.0,0.0,0.0,"Reduplicated form mapped to Mass x2=0.4, Hardness x11=0.4, and Luminance x8=0.5.",COMPLETED_AFRICA_A16,4,0.5,1.0,0.9
san-an,Yoruba,yo,Color,Color/Purity,"Crystal clear, transparent, unclouded sky or liquid",san-an,ROOT,0.5,0.4,0.5,0.55,0.9,0.35,2500.0,0.295,0.5,1.0,0.474,0.45,0.4,3,#808080,50.0,0.0,0.0,"Fricative sound, Reduplicated form mapped to Mass x2=0.4, Hardness x11=0.4, and Luminance x8=0.5.",COMPLETED_AFRICA_A16,4,0.5,1.0,0.9
patapata,Yoruba,yo,State,State/Totality,"Completely, entirely, altogether finished",pa-ta-pa-ta,ROOT,0.5,0.4,0.5,0.35,0.75,0.35,2500.0,0.295,0.5,1.0,0.474,0.45,0.4,3,#808080,50.0,0.0,0.0,"Reduplicated form mapped to Mass x2=0.4, Hardness x11=0.4, and Luminance x8=0.5.",COMPLETED_AFRICA_A16,4,0.5,1.0,0.9
felefele,Yoruba,yo,State,Texture/Touch,"Paper-thin, delicate, light sheet material",fe-le-fe-le,ROOT,0.65,0.15,0.5,0.55,0.75,0.35,4000.0,0.487,0.8,1.0,0.474,0.45,0.4,3,#FFF8DC,80.0,0.0,30.0,"Fricative sound, Reduplicated form mapped to Mass x2=0.15, Hardness x11=0.4, and Luminance x8=0.8.",COMPLETED_AFRICA_A16,4,0.5,1.0,0.9
gbosa,Yoruba,yo,Sound,Sound/Impact,Explosive loud crack of a gunshot or heavy slap,gbo-sa,ROOT,0.5,0.98,0.5,0.55,0.4,0.35,1300.0,0.141,0.5,0.6,0.263,0.8,0.85,4,#808080,50.0,0.0,0.0,"Labial-velar (kp/gb), Fricative sound mapped to Mass x2=0.98, Hardness x11=0.85, and Luminance x8=0.5.",COMPLETED_AFRICA_A16,2,0.5,0.0,0.5
gbosa-gbosa,Yoruba,yo,Sound,Sound/Impact,Intensified or continuous aspect of gbosa: explosive loud crack of a gunshot or heavy slap,gbo-sa-gbo-sa,REDUP_2,0.5,0.98,0.5,0.55,0.9,0.35,1300.0,0.141,0.5,1.0,0.474,0.8,0.85,4,#808080,50.0,0.0,0.0,"Labial-velar (kp/gb), Fricative sound, Reduplicated form mapped to Mass x2=0.98, Hardness x11=0.85, and Luminance x8=0.5.",COMPLETED_AFRICA_A16,4,0.5,1.0,0.9
gbosanci,Yoruba,yo,Abstract,Sound/Impact,Abstract state/quality associated with gbosa,gbo-sa-nci,DERIVATIVE,0.65,0.75,0.5,0.55,0.9,0.35,2800.0,0.333,0.5,1.0,0.474,0.8,0.85,4,#808080,50.0,0.0,0.0,"Labial-velar (kp/gb), Fricative sound, Reduplicated form mapped to Mass x2=0.75, Hardness x11=0.85, and Luminance x8=0.5.",COMPLETED_AFRICA_A16,4,0.5,1.0,0.9
kia-kia,Yoruba,yo,Motion,Speed/Rhythm,"Extremely fast, prompt, swift action",kia-kia,ROOT,0.8,0.15,0.85,0.35,0.75,0.35,4000.0,0.487,0.5,1.0,0.474,0.8,0.4,3,#808080,50.0,0.0,0.0,"Reduplicated form mapped to Mass x2=0.15, Hardness x11=0.4, and Luminance x8=0.5.",COMPLETED_AFRICA_A16,4,0.5,1.0,0.9
rederede,Yoruba,yo,State,Psychological/Behavior,"Foolish, absurd, nonsensical conduct",re-de-re-de,ROOT,0.65,0.4,0.5,0.35,0.75,0.35,4000.0,0.487,0.5,1.0,0.474,0.45,0.4,3,#808080,50.0,0.0,0.0,"Reduplicated form mapped to Mass x2=0.4, Hardness x11=0.4, and Luminance x8=0.5.",COMPLETED_AFRICA_A16,4,0.5,1.0,0.9
